Common Name,Scientific Name,Museum Counts,Citizen Science Counts
NoCommonName,Abablemma brimleyana,0,12
Silver-spotted Skipper,Epargyreus Clarus,11,6914
Zebra Swallowtail,Protographium Marcellus,1,1753
Sleepy Orange,Abaeis Nicippe,0,5543
Eastern Giant Swallowtail,Papilio Cresphontes,0,264
NoCommonName,Abagrotis alternata,0,50
NoCommonName,Abagrotis anchocelioides,NaN,1
NoCommonName,Abagrotis brunneipennis,NaN,1
NoCommonName,Abagrotis cupida,NaN,1
NoCommonName,Abagrotis magnicupida,NaN,16
Hoary Edge,Achalarus Lyciades,5,1152
NoCommonName,Acharia stimulea,0,29
NoCommonName,Achatia distincta,3,22
NoCommonName,Achatodes zeae,0,8
NoCommonName,Acherdoa ferraria,0,1
NoCommonName,Achyra rantalis,NaN,7
NoCommonName,Acleris albicomana,NaN,1
NoCommonName,Acleris cervinana,NaN,3
NoCommonName,Acleris flavivittana,NaN,2
NoCommonName,Acleris maculidorsana,NaN,4
NoCommonName,Acleris placidana,NaN,1
NoCommonName,Acleris robinsoniana,NaN,2
NoCommonName,Acleris schalleriana,NaN,3
NoCommonName,Acleris semipurpurana,NaN,7
NoCommonName,Acleris subnivana,NaN,4
American Copper,Lycaena Phlaeas,0,329
NoCommonName,Acleris unidentified species,NaN,10
NoCommonName,Acoloithus falsarius,0,4
NoCommonName,Acrapex relicta,NaN,5
NoCommonName,Acrobasis caryae,0,1
NoCommonName,Acrobasis caryalbella,NaN,2
Kings Hairstreak,Satyrium Kingi,NaN,139
Striped Hairstreak,Satyrium Liparops,NaN,138
NoCommonName,Acrobasis demotella,0,2
NoCommonName,Acrobasis exsulella,NaN,13
NoCommonName,Acrobasis minimella,NaN,1
NoCommonName,Acrobasis stigmella,0,2
NoCommonName,Acrobasis tumidulella,NaN,1
NoCommonName,Acrobasis vaccinii,NaN,1
NoCommonName,Acrocercops albinatella,NaN,1
NoCommonName,Acrocercops strigosa,NaN,1
NoCommonName,Acrolepiopsis leucoscia,NaN,1
NoCommonName,Acrolepiopsis unidentified species,NaN,1
NoCommonName,Acrolophus arcanella,0,3
NoCommonName,Acrolophus cressoni,NaN,2
NoCommonName,Acrolophus mortipennella,NaN,1
NoCommonName,Acrolophus morus,NaN,4
Holly Azure,Celastrina Idella,0,300
NoCommonName,Acrolophus mycetophagus,NaN,11
NoCommonName,Acrolophus panamae,NaN,13
NoCommonName,Acrolophus plumifrontella,0,14
NoCommonName,Acrolophus popeanella,NaN,21
Little Metalmark,Calephelis Virginiensis,0,135
American Snout,Libytheana Carinenta,3,2076
NoCommonName,Acrolophus propinquus,NaN,2
Zebra Longwing,Heliconius Charithonia,NaN,81
NoCommonName,Acrolophus texanella,0,3
NoCommonName,Acrolophus unidentified species,NaN,11
Great Spangled Fritillary,Speyeria Cybele,5,2118
NoCommonName,Acronicta afflicta,0,36
NoCommonName,Acronicta albarufa,NaN,1
NoCommonName,Acronicta americana,0,64
NoCommonName,Acronicta betulae,1,16
NoCommonName,Acronicta brumosa,1,2
NoCommonName,Acronicta clarescens,NaN,1
NoCommonName,Acronicta connecta,NaN,5
NoCommonName,Acronicta exilis,1,11
NoCommonName,Acronicta fallax,NaN,8
NoCommonName,Acronicta funeralis,0,1
Tawny Crescent,Phyciodes Batesii,0,70
NoCommonName,Acronicta haesitata,3,45
NoCommonName,Acronicta hamamelis,0,5
NoCommonName,Acronicta hasta,4,35
NoCommonName,Acronicta hastulifera,2,12
NoCommonName,Acronicta impleta,7,29
NoCommonName,Acronicta inclara,NaN,23
Mourning Cloak,Nymphalis Antiopa,0,1605
NoCommonName,Acronicta increta,1,43
NoCommonName,Acronicta innotata,0,1
Painted Lady,Vanessa Cardui,3,1419
NoCommonName,Acronicta interrupta,3,9
NoCommonName,Acronicta laetifica,1,19
NoCommonName,Acronicta lithospila,0,26
NoCommonName,Acronicta lobeliae,4,40
NoCommonName,Acronicta longa,0,5
NoCommonName,Acronicta modica,2,49
NoCommonName,Acronicta morula,NaN,6
NoCommonName,Acronicta noctivaga,NaN,3
NoCommonName,Acronicta oblinita,1,3
NoCommonName,Acronicta ovata,0,21
NoCommonName,Acronicta radcliffei,0,7
NoCommonName,Acronicta retardata,NaN,25
NoCommonName,Acronicta rubricoma,NaN,4
NoCommonName,Acronicta spinigera,0,1
Carolina Satyr,Hermeuptychia Sosybius,7,4139
NoCommonName,Acronicta superans,0,1
NoCommonName,Acronicta tristis,NaN,6
NoCommonName,Acronicta tritona,NaN,8
NoCommonName,Acronicta vinnula,NaN,20
NoCommonName,Actrix nyssaecolella,NaN,2
NoCommonName,Actrix unidentified species,NaN,1
NoCommonName,Adela caeruleella,NaN,2
NoCommonName,Adelphia petrella,NaN,2
NoCommonName,Adoneta bicaudata,NaN,2
NoCommonName,Adoneta spinuloides,0,21
NoCommonName,Adoxophyes negundana,NaN,3
NoCommonName,Aellopos titan,NaN,1
Southern Cloudywing,Thorybes Bathyllus,10,1293
NoCommonName,Aethalura intertexta,0,4
NoCommonName,Aethes angustana,NaN,1
NoCommonName,Aethes argentilimitana,NaN,6
NoCommonName,Aethes fernaldana,NaN,1
Sleepy Duskywing,Erynnis Brizo,0,546
Juvenals Duskywing,Erynnis Juvenalis,7,2352
NoCommonName,Aethes rutilana,NaN,2
NoCommonName,Aethes unidentified species,NaN,13
NoCommonName,Aethiophysa invisalis,NaN,2
Milberts Tortoiseshell,Aglais Milberti,NaN,1
NoCommonName,Aglossa caprealis,0,5
NoCommonName,Aglossa cuprina,3,3
NoCommonName,Aglossa disciferalis,1,1
NoCommonName,Agnippe prunifoliella,NaN,2
NoCommonName,Agnorisma badinodis,20,47
NoCommonName,Agnorisma bollii,NaN,4
Swarthy Skipper,Nastra Iherminier,NaN,974
NoCommonName,Agonopterix argillacea,NaN,1
Gulf Fritillary,Agraulis Vanillae,0,1372
NoCommonName,Agriphila ruricolellus,0,3
NoCommonName,Agriphila vulgivagellus,0,15
NoCommonName,Agrius cingulata,NaN,6
Leonards Skipper,Hesperia Leonardus,3,85
NoCommonName,Agrotis gladiaria,0,25
NoCommonName,Agrotis ipsilon,1,74
NoCommonName,Agrotis malefida,0,5
NoCommonName,Agrotis venerabilis,NaN,1
NoCommonName,Allagrapha aerea,NaN,12
NoCommonName,Allotria elonympha,7,65
NoCommonName,Alsophila pometaria,1,42
Long Dash,Polites Mystic,1,13
NoCommonName,Alypia octomaculata,NaN,21
Lace-winged Roadside-Skipper,Amblyscirtes Aesculapius,0,562
Northern Broken-dash,Wallengrenia Egeremet,3,438
Little Glassywing,Pompeius Verna,4,1410
Sachem,Atalopedes Campestris,10,4045
Dusky Roadside-Skipper,Amblyscirtes Alternata,0,51
Carolina Roadside-Skipper,Amblyscirtes Carolina,1,270
Reversed Roadside-Skipper,Amblyscirtes Reversa,0,121
Common Roadside-Skipper,Amblyscirtes Vialis,0,344
NoCommonName,Amolita fessa,NaN,10
NoCommonName,Amolita obliqua,NaN,13
NoCommonName,Amolita unidentified species,NaN,1
NoCommonName,Amphion floridensis,1,11
NoCommonName,Amphipyra pyramidoides,2,68
NoCommonName,Amydria brevipennella,NaN,1
NoCommonName,Amydria effrentella,0,7
NoCommonName,Amydria unidentified species,NaN,2
NoCommonName,Amyna axis,NaN,2
NoCommonName,Anacampsis conclusella,0,5
NoCommonName,Anacampsis coverdalella,0,6
NoCommonName,Anacampsis levipedella,NaN,1
Goatweed Leafwing,Anaea Andria,NaN,3
Pepper and Salt Skipper,Amblyscirtes Hegon,NaN,165
NoCommonName,Anageshna primordialis,2,22
NoCommonName,Anagrapha falcifera,0,4
NoCommonName,Anania coronata complex,NaN,1
NoCommonName,Anania plectilis,0,1
NoCommonName,Anarsioses aberrans,NaN,1
White Peacock,Anartia Jatrophae,NaN,17
NoCommonName,Anathix ralla,NaN,20
Delaware Skipper,Anatrytone Logan,2,655
NoCommonName,Ancylis albacostana,NaN,1
Ocola Skipper,Panoquina Ocola,0,2214
NoCommonName,Ancylis burgessiana,1,1
NoCommonName,Ancylis comptana,NaN,2
NoCommonName,Ancylis diminutana,NaN,2
NoCommonName,Ancylis divisana,0,9
NoCommonName,Ancylis fuscociliana,0,1
NoCommonName,Ancylis goodelliana,NaN,1
NoCommonName,Ancylis platanana,0,7
NoCommonName,Ancylis semiovana,NaN,1
NoCommonName,Ancylis unidentified species,NaN,4
Least Skipper,Ancyloxypha Numitor,5,2414
NoCommonName,Anicla illapsa,NaN,5
NoCommonName,Anicla infecta,4,48
NoCommonName,Anicla lubricans,1,3
NoCommonName,Anicla unidentified species,NaN,2
NoCommonName,Anisota peigleri,0,1
NoCommonName,Amorbia humerosana,0,12
NoCommonName,Anisota senatoria,1,18
NoCommonName,Pyromorpha dimidiata,0,54
NoCommonName,Anisota unidentified species,NaN,6
NoCommonName,Anomis erosa,NaN,5
NoCommonName,Antaeotricha decorosella,NaN,2
NoCommonName,Antaeotricha humilis,1,8
NoCommonName,Antaeotricha leucillana,0,6
NoCommonName,Antaeotricha schlaegeri,2,17
NoCommonName,Antaeotricha unidentified species,NaN,6
NoCommonName,Antaeotricha vestalis,NaN,1
NoCommonName,Antepione thisoaria,0,10
NoCommonName,Anterastria teratophora,NaN,1
Texan Crescent,Anthanassa Drusilla,NaN,3
NoCommonName,Anticarsia gemmatalis,0,45
NoCommonName,Anticlea multiferata,NaN,7
NoCommonName,Anticlea vasiliata,0,1
NoCommonName,Antispila cornifoliella,NaN,2
NoCommonName,Antispila nysaefoliella,NaN,1
Falcate Orangetip,Antocharis Midea,NaN,1625
NoCommonName,Apamea cariosa,NaN,3
NoCommonName,Apamea quinteri,NaN,1
NoCommonName,Apamea sordens,0,2
NoCommonName,Apamea vulgaris,NaN,1
NoCommonName,Apantesis carlotta,0,5
NoCommonName,Apantesis nais,2,20
NoCommonName,Apantesis unidentified species,NaN,9
NoCommonName,Apantesis vittata,2,22
NoCommonName,Apatelodes torrefacta,1,21
NoCommonName,Aphomia fulminalis,NaN,2
NoCommonName,Udea rubigalis,3,42
NoCommonName,Aphomia sociella,NaN,2
NoCommonName,Aphomia terrenella,NaN,2
NoCommonName,Aphomia unidentified species,NaN,1
NoCommonName,Apoda biguttata,2,27
NoCommonName,Apoda y-inversum,0,22
NoCommonName,Diaphania nitidalis,0,15
NoCommonName,Diaphania hyalinata,0,4
NoCommonName,Archips argyrospila,0,1
NoCommonName,Archips grisea,0,1
NoCommonName,Archips purpurana,0,1
NoCommonName,Argillophora furcilla,0,7
NoCommonName,Argyresthia alternatella,NaN,1
NoCommonName,Urola nivalis,0,17
NoCommonName,Argyresthia oreasella,NaN,6
NoCommonName,Argyresthia subreticulata,0,1
NoCommonName,Argyresthia thuiella,NaN,1
NoCommonName,Argyria auratella,0,1
NoCommonName,Argyria critica,0,4
NoCommonName,Dioryctria amatella,0,8
NoCommonName,Argyria lacteella,NaN,6
NoCommonName,Argyrogramma verruca,1,13
NoCommonName,Pseudothyatira cymatophoroides,1,4
NoCommonName,Argyrostrotis anilis,0,4
NoCommonName,Argyrostrotis flavistriaria,0,2
NoCommonName,Argyrotaenia alisellana,1,13
NoCommonName,Heliomata cycladata,0,14
NoCommonName,Argyrotaenia hodgesi,NaN,1
NoCommonName,Argyrotaenia kimballi,0,1
NoCommonName,Argyrotaenia mariana,0,1
NoCommonName,Argyrotaenia quercifoliana,1,14
NoCommonName,Argyrotaenia tabulana,0,18
NoCommonName,Argyrotaenia velutinana,NaN,44
NoCommonName,Aristotelia fungivorella,NaN,1
NoCommonName,Aristotelia lespedezae,NaN,2
NoCommonName,Aristotelia roseosuffusella,0,15
NoCommonName,Aristotelia rubidella,NaN,5
NoCommonName,Aristotelia unidentified species,NaN,3
NoCommonName,Aroga unidentified species,NaN,1
NoCommonName,Macaria multilineata,5,57
NoCommonName,Arogalea cristifasciella,0,23
NoCommonName,Arta olivalis,NaN,2
NoCommonName,Arta statalis,NaN,15
NoCommonName,Artace cribrarius,NaN,50
NoCommonName,Arugisa latiorella,2,1
NoCommonName,Arugisa lutea,NaN,34
NoCommonName,Ascalapha odorata,1,8
Great Southern White,Ascia Monuste,NaN,6
Hackberry Emperor,Asterocampa Celtis,4,1356
Tawny Emperor,Asterocampa Clyton,NaN,571
NoCommonName,Atascosa glareosella,NaN,1
NoCommonName,Ategumia ebulealis,NaN,1
NoCommonName,Athetis tarda,0,70
NoCommonName,Exelis pyrolaria,0,18
Great Purple Hairstreak,Atlides Halesus,2,440
Arogos Skipper,Atrytone Arogos,0,22
Dusted Skipper,Atrytonopsis Hianna,2,264
Loammi Skipper,Atrytonopsis Loammi,NaN,6
Crystal Skipper,Atrytonopsis Quinteri,0,120
NoCommonName,Atteva aurea,7,55
Golden Banded-Skipper,Autochton Cellus,0,67
NoCommonName,Anavitrinella pampinaria,7,100
NoCommonName,Autographa precationis,2,21
NoCommonName,Ectropis crepuscularia,0,72
NoCommonName,Autosticha kyotensis,0,17
NoCommonName,Azenia obtusa,NaN,17
NoCommonName,Malacosoma americana,NaN,40
NoCommonName,Bactra furfurana,NaN,1
NoCommonName,Bagisara rectifascia,NaN,1
NoCommonName,Baileya australis,NaN,19
NoCommonName,Biston betularia,0,7
NoCommonName,Baileya dormitans,1,18
NoCommonName,Hypagyrtis unipunctata,2,118
NoCommonName,Baileya doubledayi,NaN,3
NoCommonName,Baileya levitans,1,15
NoCommonName,Baileya ophthalmica,0,46
NoCommonName,Balsa labecula,NaN,13
NoCommonName,Balsa malana,1,5
NoCommonName,Balsa tristrigella,0,8
NoCommonName,Basilodes pepita,0,15
NoCommonName,Battaristis nigratomella,0,3
NoCommonName,Battaristis vittella,NaN,7
Pipevine Swallowtail,Battus Philenor,13,2236
NoCommonName,Bellura densa,1,4
NoCommonName,Bellura obliqua,NaN,5
NoCommonName,Besma endropiaria,0,4
NoCommonName,Besma quercivoraria,3,72
NoCommonName,Blastobasis glandulella,NaN,5
NoCommonName,Blastobasis pulchella,NaN,1
NoCommonName,Blastobasis unidentified species,NaN,5
NoCommonName,Blepharomastix ranalis,0,16
NoCommonName,Bleptina caradrinalis,1,56
NoCommonName,Campaea perlata,0,16
NoCommonName,Bleptina inferior,1,21
NoCommonName,Bleptina sangamonia,NaN,2
Meadow Fritillary,Boloria Bellona,0,689
NoCommonName,Brenthia pavonacella,NaN,3
NoCommonName,Bucculatrix ainsliella,NaN,1
NoCommonName,Bucculatrix angustata,NaN,1
NoCommonName,Bucculatrix coronatella,NaN,5
NoCommonName,Bucculatrix ivella,NaN,2
NoCommonName,Bucculatrix unidentified species,NaN,1
NoCommonName,Cabnia myronella,NaN,1
NoCommonName,Cacotherapia unipuncta,NaN,1
NoCommonName,Metarranthis obfirmaria,0,12
NoCommonName,Cepphis decoloraria,0,7
NoCommonName,Cepphis armataria,4,2
NoCommonName,Cadra cautella,NaN,1
NoCommonName,Caenurgia chloropha,4,59
NoCommonName,Caenurgina crassiuscula,3,7
NoCommonName,Mathildana newmanella,NaN,2
NoCommonName,Caenurgina erechtea,NaN,18
NoCommonName,Caenurgina unidentified species,NaN,1
NoCommonName,Calledapteryx dryopterata,0,36
Brown Elfin,Callophrys Augustinus,NaN,328
Juniper Hairstreak,Callophrys Gryneus,16,646
Henrys Elfin,Callophrys Henrici,0,521
Hessels Hairstreak,Callophrys Hesseli,0,102
Frosted Elfin,Callophrys Irus,NaN,88
Eastern Pine Elfin,Callophrys Niphon,4,273
NoCommonName,Callopistria cordata,1,8
NoCommonName,Plagodis kuetzingi,0,2
NoCommonName,Callopistria floridensis,NaN,11
NoCommonName,Plagodis fervidaria,0,38
NoCommonName,Callopistria mollissima,0,8
NoCommonName,Callosamia promethea,0,9
NoCommonName,Callosamia securifera,8,1
NoCommonName,Caloptilia azaleella,NaN,4
NoCommonName,Caloptilia bimaculatella,NaN,4
NoCommonName,Caloptilia blandella,NaN,4
NoCommonName,Caloptilia cornusella,NaN,1
NoCommonName,Caloptilia hypericella,NaN,1
NoCommonName,Caloptilia ostryaeella,NaN,5
NoCommonName,Caloptilia packardella,NaN,1
NoCommonName,Caloptilia rhoifoliella,NaN,3
NoCommonName,Caloptilia sassafrasella,NaN,2
NoCommonName,Oneida lunulalis,2,17
NoCommonName,Caloptilia stigmatella,NaN,2
NoCommonName,Caloptilia superbifrontella,NaN,1
NoCommonName,Caloptilia triadicae,NaN,1
NoCommonName,Caloptilia unidentified species,NaN,2
NoCommonName,Caloptilia violacella,NaN,7
Brazilian Skipper,Calpodes Ethlius,0,156
Red-banded Hairstreak,Calycopis Cecrops,0,2935
NoCommonName,Cameraria aesculisella,NaN,1
NoCommonName,Cameraria bethunella,NaN,2
NoCommonName,Cameraria caryaefoliella,NaN,1
NoCommonName,Cameraria castaneaeella,NaN,2
NoCommonName,Cameraria cincinnatiella,NaN,1
NoCommonName,Cameraria guttifinitella,NaN,1
NoCommonName,Cameraria hamadryadella,NaN,1
NoCommonName,Cameraria quercivorella,NaN,2
NoCommonName,Cameraria saccharella,NaN,1
NoCommonName,Cameraria ulmella,NaN,2
NoCommonName,Cameraria unidentified species,NaN,1
NoCommonName,Canarsia ulmiarrosorella,0,4
NoCommonName,Capsula oblonga,NaN,2
NoCommonName,Caripeta aretaria,0,7
NoCommonName,Caripeta divisata,0,1
NoCommonName,Cyclophora myrtaria,NaN,3
NoCommonName,Carmenta bassiformis,NaN,4
NoCommonName,Carmenta pyralidiformis,NaN,1
NoCommonName,Catocala amatrix,9,7
NoCommonName,Catocala amestris,NaN,1
NoCommonName,Catocala amica,4,12
NoCommonName,Catocala andromedae,0,11
NoCommonName,Catocala angusi,8,8
NoCommonName,Catocala blandula,0,2
NoCommonName,Eulithis gracilineata,0,39
NoCommonName,Catocala cara,1,6
NoCommonName,Catocala carissima,2,3
NoCommonName,Rheumaptera prunivorata,0,5
NoCommonName,Catocala clintonii,3,4
NoCommonName,Catocala coccinata,0,12
NoCommonName,Orthonama obstipata,1,69
NoCommonName,Costaconvexa centrostrigaria,NaN,101
NoCommonName,Catocala connubialis,2,9
NoCommonName,Catocala consors,NaN,1
NoCommonName,Catocala crataegi,1,1
NoCommonName,Catocala dejecta,2,11
NoCommonName,Catocala epione,0,21
NoCommonName,Catocala flebilis,7,15
NoCommonName,Catocala gracilis,0,6
NoCommonName,Catocala grynea,3,8
NoCommonName,Eupithecia jejunata,NaN,1
NoCommonName,Eupithecia fletcherata,NaN,3
NoCommonName,Eupithecia exudata,NaN,1
NoCommonName,Eupithecia matheri,NaN,1
NoCommonName,Catocala herodias,0,1
NoCommonName,Cladara anguilineata,NaN,4
NoCommonName,Catocala ilia,7,50
NoCommonName,Callizzia amorata,0,4
NoCommonName,Catocala illecta,NaN,2
NoCommonName,Catocala innubens,2,7
NoCommonName,Catocala insolabilis,2,4
NoCommonName,Catocala lacrymosa,16,26
NoCommonName,Catocala lincolnana,NaN,1
NoCommonName,Catocala lineella,0,2
NoCommonName,Catocala maestosa,3,4
NoCommonName,Catocala marmorata,1,5
NoCommonName,Catocala micronympha,3,18
NoCommonName,Catocala minuta,1,1
NoCommonName,Zanclognatha lituralis,0,15
NoCommonName,Ulolonche culea,NaN,30
NoCommonName,Catocala mira,NaN,1
NoCommonName,Catocala muliercula,0,8
NoCommonName,Citheronia regalis,6,48
NoCommonName,Dryocampa rubicunda,7,129
NoCommonName,Anisota stigma,6,20
NoCommonName,Catocala nebulosa,4,3
NoCommonName,Anisota virginiensis,2,32
NoCommonName,Hemileuca maia,0,17
NoCommonName,Catocala neogama,48,6
NoCommonName,Automeris io,16,60
NoCommonName,Antheraea polyphemus,5,66
NoCommonName,Actias luna,5,139
NoCommonName,Callosamia angulifera,10,47
NoCommonName,Catocala obscura,NaN,6
NoCommonName,Catocala palaeogama,2,9
NoCommonName,Catocala piatrix,6,14
NoCommonName,Catocala praeclara,0,2
NoCommonName,Catocala pretiosa,1,2
NoCommonName,Catocala residua,4,11
NoCommonName,Apantesis phalerata,6,45
NoCommonName,Catocala retecta,0,7
NoCommonName,Catocala robinsonii,13,16
NoCommonName,Catocala sappho,0,1
NoCommonName,Catocala serena,NaN,1
NoCommonName,Paonias myops,2,17
NoCommonName,Catocala similis,1,4
NoCommonName,Amorpha juglandis,5,22
NoCommonName,Catocala sordida,0,3
NoCommonName,Catocala subnata,0,3
NoCommonName,Catocala ulalume,2,3
NoCommonName,Catocala ultronia,1,36
NoCommonName,Catocala umbrosa,8,5
NoCommonName,Catocala unidentified species,NaN,2
NoCommonName,Clostera inclusa,0,14
NoCommonName,Catocala unijuga,NaN,1
NoCommonName,Catocala vidua,9,37
NoCommonName,Datana drexelii,NaN,28
NoCommonName,Catoptria latiradiellus,NaN,1
Spring Azure,Celastrina Ladon,7,1193
Summer Azure,Celastrina Neglecta,4,4108
Appalachian Azure,Celastrina Neglectamajor,0,112
Dusky Azure,Celastrina Nigra,NaN,40
NoCommonName,Celiptera frustulum,1,19
NoCommonName,Celypha cespitana,0,3
NoCommonName,Cenopis diluticostana,NaN,2
NoCommonName,Idia americalis,5,102
NoCommonName,Cenopis reticulatana,0,14
NoCommonName,Cenopis saracana,NaN,5
NoCommonName,Cerastis tenebrifera,1,21
NoCommonName,Ceratomia amyntor,NaN,14
NoCommonName,Furcula cinerea,1,5
NoCommonName,Symmerista albifrons,0,46
NoCommonName,Ceratomia catalpae,NaN,15
NoCommonName,Dasylophia anguina,NaN,25
NoCommonName,Dasylophia thyatiroides,NaN,9
NoCommonName,Ceratomia undulosa,1,22
Common Wood-Nymph,Cercyonis Pegala,16,1515
NoCommonName,Heterocampa obliqua,1,65
NoCommonName,Cerma cerintha,1,19
NoCommonName,Chaetaglaea rhonda,NaN,3
NoCommonName,Chaetaglaea sericea,NaN,24
NoCommonName,Chalcoela iphitalis,NaN,10
NoCommonName,Chalcoela pegasalis,NaN,4
NoCommonName,Charadra deridens,9,43
NoCommonName,Chilo demotella,NaN,1
NoCommonName,Chimoptesis gerulae,0,21
NoCommonName,Chimoptesis pennsylvaniana,0,9
NoCommonName,Chimoptesis unidentified species,NaN,4
NoCommonName,Chionodes discoocellella,0,1
NoCommonName,Chionodes mediofuscella,4,23
NoCommonName,Chionodes thoraceochrella,0,4
NoCommonName,Chionodes unidentified species,NaN,9
NoCommonName,Chloridea subflexa,NaN,1
NoCommonName,Chloridea unidentified species,NaN,1
NoCommonName,Chloridea virescens,NaN,17
NoCommonName,Chlorochlamys chloroleucaria,2,19
NoCommonName,Chloropteryx tepperaria,NaN,23
Gorgone Checkerspot,Chlosyne Gorgone,NaN,9
Silvery Checkerspot,Chlosyne Nycteis,0,1074
NoCommonName,Choephora fungorum,0,32
NoCommonName,Choristoneura conflictana,NaN,1
NoCommonName,Choristoneura fractivittana,0,6
NoCommonName,Choristoneura fumiferana,NaN,1
NoCommonName,Choristoneura obsoletana,0,6
NoCommonName,Choristoneura parallela,NaN,2
NoCommonName,Choristoneura pinus,0,1
NoCommonName,Choristoneura rosaceana,2,33
NoCommonName,Choristoneura unidentified species,NaN,2
NoCommonName,Chrysanympha formosa,0,2
NoCommonName,Chrysendeton medicinalis,0,5
NoCommonName,Chrysodeixis includens,0,36
NoCommonName,Chytolita morbidalis,0,36
NoCommonName,Chytolita petrealis,NaN,17
NoCommonName,Chytonix palliatricula,0,63
NoCommonName,Chytonix sensilis,NaN,4
NoCommonName,Cicinnus melsheimeri,0,2
NoCommonName,Cirrhophanus triangulifer,NaN,11
NoCommonName,Cisseps fulvicollis,4,22
NoCommonName,Cissusa spadix,NaN,22
NoCommonName,Cisthene kentuckiensis,NaN,4
NoCommonName,Cisthene packardii,1,19
NoCommonName,Cisthene plumbea,1,49
NoCommonName,Cisthene subjecta,0,8
NoCommonName,Cisthene tenuifascia,NaN,6
NoCommonName,Citheronia sepulcralis,1,15
NoCommonName,Clemensia albata,0,66
NoCommonName,Cleora sublunaria,0,20
NoCommonName,Clepsis peritana,1,35
NoCommonName,Clepsis unidentified species,NaN,1
NoCommonName,Clepsis virescana,0,12
NoCommonName,Clydonopteron sacculana,1,16
NoCommonName,Cochylis nana,NaN,1
NoCommonName,Cochylis unidentified species,NaN,1
NoCommonName,Coelostathma discopunctana,NaN,17
NoCommonName,Coleophora albovanescens,NaN,1
NoCommonName,Coleophora mayrella,NaN,1
NoCommonName,Coleophora octagonella,NaN,3
NoCommonName,Coleophora ostryae,NaN,3
NoCommonName,Coleophora trifolii,NaN,1
NoCommonName,Coleophora unidentified species,NaN,8
NoCommonName,Coleotechnites albicostata,NaN,4
NoCommonName,Coleotechnites chilcotti,NaN,1
NoCommonName,Coleotechnites quercivorella,0,8
NoCommonName,Coleotechnites unidentified species,NaN,2
Orange Sulphur,Colias Eurytheme,15,4086
Clouded Sulphur,Colias Philodice,10,1679
NoCommonName,Colobochyla interpuncta,0,17
NoCommonName,Colocasia flavicornis,NaN,22
NoCommonName,Colocasia propinquilinea,0,8
NoCommonName,Colomychus talis,NaN,1
NoCommonName,Comachara cadburyi,NaN,8
NoCommonName,Conchylodes ovulalis,0,10
NoCommonName,Condica confederata,NaN,6
NoCommonName,Condica cupentia,NaN,4
NoCommonName,Condica mobilis,NaN,11
NoCommonName,Condica sutor,1,20
NoCommonName,Condica vecors,0,30
NoCommonName,Condica videns,1,32
NoCommonName,Condylolomia participalis,3,8
NoCommonName,Condylorrhiza vestigialis,NaN,2
Southern Skipperling,Copaeodes Minima,0,519
NoCommonName,Copivaleria grotei,0,18
NoCommonName,Coptodisca ostryaefoliella,NaN,3
NoCommonName,Coptodisca saliciella,NaN,2
NoCommonName,Coptotriche citrinipennella,NaN,6
NoCommonName,Coptotriche unidentified species,NaN,1
NoCommonName,Corticivora parva,NaN,5
NoCommonName,Coryphista meadii,0,2
NoCommonName,Cosmia calami,0,23
NoCommonName,Cosmopterix clemensella,NaN,1
NoCommonName,Cossula magnifica,0,14
NoCommonName,Crambidia lithosioides,0,5
NoCommonName,Crambidia pallida,0,6
NoCommonName,Crambidia uniformis,9,62
NoCommonName,Crambidia xanthocorpa,NaN,10
NoCommonName,Crambodes talidiformis,NaN,1
NoCommonName,Crambus agitatellus,4,18
NoCommonName,Crambus albellus,0,2
NoCommonName,Crambus laqueatellus,NaN,5
NoCommonName,Crambus leachellus,NaN,1
NoCommonName,Crambus praefectellus,NaN,11
NoCommonName,Crambus satrapellus,0,1
NoCommonName,Crocidophora pustuliferalis,0,2
NoCommonName,Crocidophora serratissimalis,NaN,4
NoCommonName,Crocidophora tuberculalis,0,5
NoCommonName,Crocidosema unica,NaN,1
NoCommonName,Crocigrapha normani,0,12
NoCommonName,Cryptothelea gloverii,NaN,1
NoCommonName,Cryptothelea unidentified species,NaN,2
NoCommonName,Ctenoplusia oxygramma,0,24
NoCommonName,Cucullia alfarata,NaN,2
NoCommonName,Cucullia asteroides,NaN,1
NoCommonName,Cucullia convexipennis,0,5
Eastern Tailed-Blue,Cupido Comyntas,8,6498
NoCommonName,Cutina albopunctella,NaN,1
NoCommonName,Cutina arcuata,NaN,1
NoCommonName,Cutina distincta,NaN,2
NoCommonName,Cyclophora nanaria,NaN,1
NoCommonName,Cyclophora packardi,0,74
NoCommonName,Cyclophora pendulinaria,NaN,9
NoCommonName,Cyclophora unidentified species,NaN,3
NoCommonName,Cycnia collaris,NaN,1
NoCommonName,Cycnia oregonensis,1,5
NoCommonName,Cycnia tenera,3,43
NoCommonName,Cydia caryana,0,9
NoCommonName,Cydia latiferreana,0,26
NoCommonName,Cydia marita,NaN,2
NoCommonName,Cydia toreuta,NaN,6
Gemmed Satyr,Cyllopsis Gemma,7,1368
NoCommonName,Cymatophora approximaria,NaN,9
Soldier,Danaus Eresimus,NaN,2
Queen,Danaus Gilippus,NaN,146
Monarch,Danaus Plexippus,4,4464
NoCommonName,Darapsa choerilus,0,23
NoCommonName,Darapsa myron,8,33
NoCommonName,Darapsa versicolor,0,1
NoCommonName,Dasychira atrivenosa,NaN,3
NoCommonName,Dasychira basiflava,NaN,15
NoCommonName,Dasychira dorsipennata,NaN,3
NoCommonName,Dasychira manto,NaN,11
NoCommonName,Dasychira meridionalis,NaN,2
NoCommonName,Dasychira obliquata,0,20
NoCommonName,Dasychira plagiata,NaN,2
NoCommonName,Dasychira tephra,NaN,21
NoCommonName,Dasychira vagans,NaN,2
NoCommonName,Datana angusii,0,42
NoCommonName,Datana contracta,1,32
NoCommonName,Datana integerrima,3,43
NoCommonName,Datana major,NaN,6
NoCommonName,Datana ministra,1,24
NoCommonName,Datana perspicua,1,7
NoCommonName,Datana ranaeceps,NaN,1
NoCommonName,Datana unidentified species,NaN,3
NoCommonName,Decantha boreasella,2,7
NoCommonName,Decantha stecia,NaN,1
NoCommonName,Decodes basiplagana,NaN,4
NoCommonName,Deidamia inscriptum,0,24
NoCommonName,Desmia funeralis,3,43
NoCommonName,Desmia maculalis,0,22
NoCommonName,Desmia subdivisalis,NaN,1
NoCommonName,Desmia unidentified species,NaN,11
NoCommonName,Diachorisia velatella,NaN,1
NoCommonName,Diacme adipaloides,NaN,9
NoCommonName,Diacme elealis,0,7
NoCommonName,Diacme unidentified species,NaN,1
NoCommonName,Diaphania costata,NaN,19
NoCommonName,Diasemiodes janassialis,NaN,1
NoCommonName,Diasemiodes nigralis,NaN,2
NoCommonName,Diastictis argyralis,0,1
NoCommonName,Diastictis unidentified species,NaN,4
NoCommonName,Diastictis ventralis,0,1
NoCommonName,Diathrausta harlequinalis,NaN,1
NoCommonName,Diathrausta reconditalis,0,5
NoCommonName,Diatraea crambidoides,NaN,2
NoCommonName,Diatraea evanescens,0,2
NoCommonName,Diatraea lisetta,NaN,9
NoCommonName,Dichomeris aglaia,0,1
NoCommonName,Dichomeris bilobella,NaN,2
NoCommonName,Dichomeris flavocostella,0,2
NoCommonName,Dichomeris georgiella,NaN,2
NoCommonName,Dichomeris heriguronis,NaN,2
NoCommonName,Dichomeris inversella,0,6
NoCommonName,Dichomeris laetitia,NaN,1
NoCommonName,Dichomeris ligulella,11,12
NoCommonName,Dichomeris marginella,NaN,4
NoCommonName,Dichomeris punctidiscella,0,2
NoCommonName,Dichomeris punctipennella,1,5
NoCommonName,Dichomeris setosella,0,1
NoCommonName,Dichomeris unidentified species,NaN,5
NoCommonName,Dichorda iridaria,0,15
NoCommonName,Dicymolomia julianalis,NaN,19
NoCommonName,Digrammia atrofasciata,NaN,2
NoCommonName,Digrammia continuata,1,30
NoCommonName,Digrammia eremiata,0,5
NoCommonName,Digrammia gnophosaria,0,23
NoCommonName,Digrammia ocellinata,1,15
NoCommonName,Digrammia ordinata,0,2
NoCommonName,Dinumma deponens,NaN,15
NoCommonName,Dioryctria clarioralis,0,2
NoCommonName,Dioryctria disclusa,0,1
NoCommonName,Dioryctria pygmaeella,0,1
NoCommonName,Dioryctria taedivorella,0,2
NoCommonName,Dioryctria zimmermani,NaN,1
NoCommonName,Diploschizia impigritella,NaN,7
NoCommonName,Disclisioprocta stellata,4,53
NoCommonName,Dolba hyloeus,0,12
NoCommonName,Doleromorpha porphyria,0,1
NoCommonName,Donacaula longirostrallus,NaN,2
NoCommonName,Donacaula melinellus,NaN,2
NoCommonName,Donacaula unidentified species,NaN,4
NoCommonName,Drasteria grandirena,0,9
NoCommonName,Drepana arcuata,0,26
NoCommonName,Dypterygia rozmani,NaN,2
NoCommonName,Dyseriocrania griseocapitella,NaN,5
NoCommonName,Dysodia oculatana,NaN,1
NoCommonName,Dyspteris abortivaria,0,18
NoCommonName,Dyspyralis illocata,NaN,1
NoCommonName,Dyspyralis nigellus,NaN,8
NoCommonName,Dyspyralis puncticosta,NaN,15
NoCommonName,Eacles imperialis,11,72
NoCommonName,Ecdytolopha insiticiana,0,10
NoCommonName,Ecdytolopha mana,NaN,2
NoCommonName,Ecliptopera atricolorata,0,4
NoCommonName,Ecpyrrhorrhoe puralis,NaN,1
NoCommonName,Ectoedemia quadrinotata,NaN,2
NoCommonName,Ectoedemia rubifoliella,NaN,2
NoCommonName,Ectoedemia trinotata,NaN,2
NoCommonName,Ectoedemia ulmella,NaN,1
NoCommonName,Egira alternans,2,19
NoCommonName,Eido trimaculella,NaN,3
NoCommonName,Elachista illectella,NaN,2
NoCommonName,Elachista unidentified species,NaN,2
NoCommonName,Elaphria alapallida,NaN,7
NoCommonName,Elaphria chalcedonia,NaN,46
NoCommonName,Elaphria cornutinus,NaN,17
NoCommonName,Elaphria festivoides,0,4
NoCommonName,Elaphria georgei,NaN,15
NoCommonName,Elaphria grata,2,77
NoCommonName,Elaphria nucicolora,NaN,1
NoCommonName,Elaphria unidentified species,NaN,3
NoCommonName,Elaphria versicolor,4,51
NoCommonName,Elasmopalpus lignosellus,NaN,11
NoCommonName,Ellida caniplaga,0,2
NoCommonName,Elophila gyralis,0,3
NoCommonName,Elophila icciusalis,0,1
NoCommonName,Elophila obliteralis,0,17
NoCommonName,Elophila tinealis,NaN,2
NoCommonName,Emarginea percara,NaN,2
NoCommonName,Emmelina monodactyla,NaN,8
NoCommonName,Endothenia hebesana,0,6
NoCommonName,Enigmogramma basigera,0,15
NoCommonName,Ennomos magnaria,0,6
NoCommonName,Ennomos subsignaria,NaN,2
Northern Pearly-eye,Enodia Anthedon,0,986
Creole Pearly-eye,Enodia Creola,5,424
Southern Pearly-eye,Enodia Portlandia,1,710
NoCommonName,Enyo lugubris,NaN,3
NoCommonName,Eoparargyractis irroratalis,0,1
NoCommonName,Eoreuma densella,0,4
NoCommonName,Epermenia pimpinella,NaN,3
NoCommonName,Ephestia elutella,NaN,11
NoCommonName,Ephestia kuehniella,NaN,4
NoCommonName,Ephestia unidentified species,NaN,1
NoCommonName,Ephestiodes infimella,NaN,1
NoCommonName,Ephestiodes unidentified species,NaN,4
NoCommonName,Epiblema abruptana,NaN,2
NoCommonName,Epiblema brightonana,NaN,1
NoCommonName,Epiblema infelix,0,1
NoCommonName,Epiblema otiosana,0,9
NoCommonName,Epiblema scudderiana,0,6
NoCommonName,Epiblema strenuana complex,NaN,1
NoCommonName,Epiblema unidentified species,NaN,3
NoCommonName,Epicallima argenticinctella,5,14
NoCommonName,Epiglaea decliva,NaN,5
NoCommonName,Epimecis hortaria,3,138
NoCommonName,Epinotia sotipena,NaN,5
NoCommonName,Epipagis fenestralis,0,8
NoCommonName,Epipaschia superatalis,0,18
NoCommonName,Episemasia solitaria,0,4
NoCommonName,Episimus argutana,0,3
NoCommonName,Episimus tyrius,0,9
NoCommonName,Eralea albalineella,NaN,1
NoCommonName,Erastria coloraria,NaN,12
Early Hairstreak,Erora Laeta,NaN,44
Wild Indigo Duskywing,Erynnis Baptisiae,1,622
Funereal Duskywing,Erynnis Funeralis,NaN,3
Horaces Duskywing,Erynnis Horatius,5,2704
Dreamy Duskywing,Erynnis Icelus,0,524
Mottled Duskywing,Erynnis Martialis,1,95
Zarucco Duskywing,Erynnis Zarucco,2,607
NoCommonName,Estigmene acrea,2,13
NoCommonName,Eubaphe mendica,0,29
NoCommonName,Eublemma minima,NaN,11
NoCommonName,Euchaetes egle,NaN,11
NoCommonName,Euchlaena amoenaria,4,50
NoCommonName,Euchlaena effecta,0,1
NoCommonName,Euchlaena irraria,0,13
NoCommonName,Euchlaena johnsonaria,NaN,4
NoCommonName,Euchlaena marginaria,0,3
NoCommonName,Euchlaena obtusaria,1,19
NoCommonName,Euchlaena pectinaria,1,22
NoCommonName,Euchlaena serrata,0,3
Olympia Marble,Euchloe Olympia,NaN,34
NoCommonName,Eucirroedia pampina,NaN,13
NoCommonName,Euclea delphinii,5,31
NoCommonName,Euclidia cuspidea,NaN,2
NoCommonName,Eucopina cocana,1,4
NoCommonName,Eucopina tocullionana,0,3
NoCommonName,Eucosma argutipunctana,0,1
NoCommonName,Eucosma circulana,NaN,1
NoCommonName,Eucosma giganteana,NaN,1
NoCommonName,Eucosma gomonana,0,1
NoCommonName,Eucosma parmatana,NaN,1
NoCommonName,Eucosma radiatana,0,2
NoCommonName,Eucosma raracana,0,5
NoCommonName,Eucosma rusticana,NaN,1
NoCommonName,Eucosma sombreana,0,1
NoCommonName,Eucosma unidentified species,NaN,2
NoCommonName,Eudarcia eunitariaeella,NaN,1
NoCommonName,Eudeilinia herminiata,0,3
NoCommonName,Eudonia strigalis,NaN,6
NoCommonName,Eudonia unidentified species,NaN,4
NoCommonName,Eudryas grata,3,28
NoCommonName,Eudryas unio,1,7
NoCommonName,Eufidonia notataria,NaN,1
NoCommonName,Eugnosta bimaculana,NaN,3
NoCommonName,Eugnosta sartana,NaN,8
NoCommonName,Eulepte anticostalis,NaN,1
NoCommonName,Eulithis diversilineata,0,43
NoCommonName,Eulogia ochrifrontella,NaN,15
NoCommonName,Eumacaria madopata,0,7
NoCommonName,Eumarozia malachitana,0,16
NoCommonName,Eumorpha achemon,0,2
NoCommonName,Eumorpha fasciatus,0,6
NoCommonName,Eumorpha pandorus,1,21
NoCommonName,Euparthenos nubilis,0,17
Baltimore Checkerspot,Euphydryas Phaeton,NaN,47
Berrys Skipper,Euphyes Berryi,NaN,41
Two-spotted Skipper,Euphyes Bimacula,0,45
Dion Skipper,Euphyes Dion,0,490
Dukes Skipper,Euphyes Dukesi,0,74
Palatka Skipper,Euphyes Pilatka,0,90
Dun Skipper,Euphyes Vestris,1,1743
NoCommonName,Eupithecia columbiata,0,3
NoCommonName,Eupithecia miserulata,2,104
NoCommonName,Eupithecia palpata,0,1
NoCommonName,Eupithecia peckorum,NaN,4
NoCommonName,Eupithecia swettii,NaN,2
NoCommonName,Eupithecia unidentified species,NaN,8
NoCommonName,Euplexia benesimilis,0,5
NoCommonName,Eupsilia cirripalea,NaN,7
NoCommonName,Eupsilia morrisoni,NaN,4
NoCommonName,Eupsilia tristigmata,NaN,5
NoCommonName,Eupsilia unidentified species,NaN,1
NoCommonName,Eupsilia vinulenta,0,16
Variegated Fritillary,Euptoieta Claudia,7,4159
Barred Yellow,Eurema Daira,6,19
NoCommonName,Eusarca confusaria,1,54
NoCommonName,Eusarca fundaria,NaN,1
NoCommonName,Eustixia pupula,0,8
NoCommonName,Eutelia pulcherrimus,NaN,4
NoCommonName,Euthyatira pudens,0,14
NoCommonName,Eutrapela clemataria,9,100
NoCommonName,Euxoa bostoniensis,NaN,1
NoCommonName,Euxoa messoria,NaN,1
NoCommonName,Euzophera ostricolorella,0,18
NoCommonName,Euzophera semifuneralis,0,3
NoCommonName,Evergestis rimosalis,0,5
NoCommonName,Exoteleia pinifoliella,NaN,5
NoCommonName,Exyra fax,0,2
NoCommonName,Exyra ridingsii,0,3
NoCommonName,Exyra semicrocea,0,1
NoCommonName,Fabiola edithella,NaN,1
NoCommonName,Fascista cercerisella,NaN,17
NoCommonName,Fascista quinella,NaN,1
NoCommonName,Feltia geniculata,NaN,1
NoCommonName,Feltia herilis,NaN,25
NoCommonName,Feltia jaculifera,NaN,16
NoCommonName,Feltia subgothica,1,11
NoCommonName,Feltia subterranea,1,32
NoCommonName,Feltia tricosa,1,2
NoCommonName,Feltia unidentified species,NaN,2
Harvester,Feniseca Tarquinius,NaN,502
NoCommonName,Feralia jocosa,NaN,4
NoCommonName,Feralia major,NaN,10
NoCommonName,Filatima biminimaculella ,NaN,3
NoCommonName,Filatima pseudacaciella,0,1
NoCommonName,Fishia illocata,NaN,3
NoCommonName,Fissicrambus haytiellus,0,1
NoCommonName,Fissicrambus mutabilis,3,20
NoCommonName,Fomoria hypericella,NaN,1
NoCommonName,Fulgoraecia exigua,NaN,3
NoCommonName,Fumibotys fumalis,NaN,1
NoCommonName,Furcula borealis,NaN,7
NoCommonName,Gabara distema,0,4
NoCommonName,Gabara obscura,NaN,1
NoCommonName,Gabara pulverosalis,0,1
NoCommonName,Gabara subnivosella,NaN,1
NoCommonName,Gabara unidentified species,NaN,7
NoCommonName,Galasa nigrinodis,0,4
NoCommonName,Galgula partita,2,108
NoCommonName,Galleria mellonella,4,2
NoCommonName,Geina periscelidactylus,0,6
NoCommonName,Geina tenuidactylus,NaN,2
NoCommonName,Geina unidentified species,NaN,1
NoCommonName,Gerdana caritella,NaN,10
NoCommonName,Geshna cannalis,NaN,3
NoCommonName,Givira anna,NaN,5
NoCommonName,Givira francesca,NaN,1
NoCommonName,Glaphyria fulminalis,0,4
NoCommonName,Glaphyria glaphyralis,0,2
NoCommonName,Glaphyria sequistrialis,NaN,8
Silvery Blue,Glaucopsyche Lygdamus,NaN,114
NoCommonName,Glena cribrataria,0,29
NoCommonName,Glena plumosaria,1,21
NoCommonName,Glenoides texanaria,0,48
NoCommonName,Gluphisia septentrionis,NaN,2
NoCommonName,Glyphidocera juniperella,NaN,5
NoCommonName,Glyphidocera lactiflosella,0,4
NoCommonName,Glyphidocera septentrionella,NaN,1
NoCommonName,Glyphodes pyloalis,NaN,17
NoCommonName,Glyptocera consobrinella,NaN,1
NoCommonName,Gnorimoschema gallaeasterella,NaN,1
NoCommonName,Gnorimoschema gallaesolidaginis,0,2
NoCommonName,Gondysia smithii,NaN,5
NoCommonName,Gondysia unidentified species,NaN,1
NoCommonName,Gonioterma mistrella,NaN,4
NoCommonName,Grammia anna,2,12
NoCommonName,Grammia arge,2,7
NoCommonName,Grammia figurata,3,8
NoCommonName,Grammia parthenice,0,19
NoCommonName,Grammia phyllira,3,3
NoCommonName,Grammia placentia,0,1
NoCommonName,Grammia virgo,2,13
NoCommonName,Grapholita interstinctana,NaN,1
NoCommonName,Grapholita packardi,NaN,1
NoCommonName,Grapholita prunivora,NaN,3
NoCommonName,Grapholita tristrigana,NaN,3
NoCommonName,Gretchena amatana,0,5
NoCommonName,Gretchena bolliana,0,13
NoCommonName,Gueneria similaria,5,7
NoCommonName,Gymnandrosoma punctidiscanum,2,19
NoCommonName,Haematopis grataria,1,24
NoCommonName,Hahncappsia mancalis,0,2
NoCommonName,Hahncappsia unidentified species,NaN,4
NoCommonName,Haimbachia placidella,NaN,2
NoCommonName,Haimbachia squamulella,0,2
NoCommonName,Halysidota cinctipes,NaN,1
NoCommonName,Halysidota harrisii,NaN,10
NoCommonName,Halysidota tessellaris,6,99
NoCommonName,Halysidota unidentified species,NaN,9
NoCommonName,Haploa clymene,2,36
NoCommonName,Haploa colona,0,1
NoCommonName,Haploa contigua,0,7
NoCommonName,Haploa lecontei,3,7
NoCommonName,Harrisimemna trisignata,0,10
NoCommonName,Harrisina americana,NaN,15
NoCommonName,Helicoverpa zea,5,34
NoCommonName,Heliocheilus lupatus,NaN,2
NoCommonName,Heliomata infulata,NaN,9
NoCommonName,Heliothis unidentified species,NaN,1
NoCommonName,Heliozela aesella,NaN,1
NoCommonName,Hellinsia balanotes,0,2
NoCommonName,Hellinsia homodactylus,NaN,1
NoCommonName,Hellinsia inquinatus,0,1
NoCommonName,Hellinsia kellicottii,NaN,1
NoCommonName,Hellinsia unidentified species,NaN,5
NoCommonName,Hellula phidilealis,NaN,1
NoCommonName,Hellula rogatalis,NaN,2
NoCommonName,Hemaris diffinis,0,41
NoCommonName,Hemaris thysbe,6,29
NoCommonName,Hemeroplanis scopulepes,NaN,7
Ceraunus Blue,Hemiargus Ceraunus,NaN,3
NoCommonName,Henricus edwardsiana,NaN,6
Intricate Satyr,Hermeuptychia Intricata,NaN,20
NoCommonName,Herpetogramma abdominalis,0,5
NoCommonName,Herpetogramma bipunctalis,NaN,7
NoCommonName,Herpetogramma fluctuosalis,0,3
NoCommonName,Herpetogramma pertextalis,0,15
NoCommonName,Herpetogramma phaeopteralis,0,5
NoCommonName,Herpetogramma sphingealis,0,1
NoCommonName,Herpetogramma theseusalis,0,2
NoCommonName,Herpetogramma thestealis,0,3
NoCommonName,Herpetogramma unidentified species,NaN,2
Dotted Skipper,Hesperia Attalus,0,98
Meskes Skipper,Hesperia Meskei,17,122
Cobweb Skipper,Hesperia Metea,2,94
Indian Skipper,Hesperia Sassacus,NaN,71
NoCommonName,Hesperumia sulphuraria,NaN,1
NoCommonName,Heterocampa biundata,1,64
NoCommonName,Heterocampa guttivitta,0,86
NoCommonName,Heterocampa subrotata,NaN,11
NoCommonName,Heterocampa umbrata,2,66
NoCommonName,Heterocampa varia,NaN,2
NoCommonName,Heterogenea shurtleffi,NaN,2
NoCommonName,Heteropacha rileyana,NaN,3
NoCommonName,Heterophleps triguttaria,1,9
NoCommonName,Hethemia pistasciaria,NaN,13
NoCommonName,Himella fidelis,NaN,14
NoCommonName,Holophysis emblemella,0,4
NoCommonName,Homadaula anisocentra,NaN,14
NoCommonName,Homeosoma-Phycitodes unidentified species,NaN,2
NoCommonName,Homochlodes disconventa,0,1
NoCommonName,Homoeosoma electella,0,4
NoCommonName,Homophoberia apicosa,0,17
NoCommonName,Homophoberia cristata,NaN,1
NoCommonName,Homorthodes lindseyi,NaN,20
NoCommonName,Homosetia argentinotella,NaN,3
NoCommonName,Homosetia costisignella,NaN,2
NoCommonName,Homostinea curviliniella,NaN,7
NoCommonName,Horisme intestinata,0,21
NoCommonName,Hulda impudens,0,1
NoCommonName,Hyalophora cecropia,5,16
NoCommonName,Hydrelia inornata,0,1
NoCommonName,Hydriomena pluviata,0,7
NoCommonName,Hydriomena renunciata,NaN,1
NoCommonName,Hydriomena transfigurata,NaN,5
NoCommonName,Hydriomena unidentified species,NaN,10
Fiery Skipper,Hylephila Phyleus,3,4386
NoCommonName,Hyles lineata,1,11
NoCommonName,Hymenia perspectalis,1,17
NoCommonName,Hypagyrtis esther,0,64
NoCommonName,Hyparpax aurora,0,13
NoCommonName,Hyparpax perophoroides,NaN,1
NoCommonName,Hypena abalienalis,NaN,12
NoCommonName,Hypena baltimoralis,1,75
NoCommonName,Hypena bijugalis,0,18
NoCommonName,Hypena eductalis,NaN,3
NoCommonName,Hypena humuli,0,1
NoCommonName,Hypena madefactalis,1,28
NoCommonName,Hypena manalis,NaN,22
NoCommonName,Hypena minualis,NaN,2
NoCommonName,Hypena palparia,1,20
NoCommonName,Hypena scabra,8,128
NoCommonName,Hypena sordidula,NaN,1
NoCommonName,Hypenodes caducus,NaN,2
NoCommonName,Hypenodes fractilinea,NaN,16
NoCommonName,Hypenula cacuminalis,NaN,1
NoCommonName,Hypercompe scribonia,2,16
NoCommonName,Hyperstrotia flaviguttata,NaN,5
NoCommonName,Hyperstrotia pervertens,1,47
NoCommonName,Hyperstrotia secta,2,34
NoCommonName,Hyperstrotia villificans,0,52
NoCommonName,Hyphantria cunea,2,51
Mimic,Hypolimnas Misippus,NaN,5
NoCommonName,Hypomecis gnopharia,NaN,8
NoCommonName,Hypomecis longipectinaria,NaN,10
NoCommonName,Hypomecis umbrosaria,NaN,27
NoCommonName,Hypomecis unidentified species,NaN,4
NoCommonName,Hypoprepia fucosa,3,97
NoCommonName,Hypoprepia miniata,0,10
NoCommonName,Hyppa xylinoides,0,1
NoCommonName,Hypsopygia binodulalis,1,7
NoCommonName,Hypsopygia costalis,0,1
NoCommonName,Hypsopygia olinalis,2,41
NoCommonName,Hypsopygia unidentified species,NaN,4
NoCommonName,Hypsoropha hormos,2,38
NoCommonName,Hypsoropha monilis,0,8
NoCommonName,Idaea bonifata,NaN,1
NoCommonName,Idaea demissaria,1,33
NoCommonName,Idaea furciferata,0,9
NoCommonName,Idaea obfusaria,0,16
NoCommonName,Idaea productata,NaN,5
NoCommonName,Idaea scintillularia,NaN,12
NoCommonName,Idaea tacturata,0,2
NoCommonName,Idaea violacearia,NaN,1
NoCommonName,Idia aemula,4,108
NoCommonName,Idia denticulalis,1,8
NoCommonName,Idia diminuendis,NaN,2
NoCommonName,Idia forbesii,0,27
NoCommonName,Idia julia,1,42
NoCommonName,Idia laurentii,0,2
NoCommonName,Idia lubricalis,3,32
NoCommonName,Idia majoralis,NaN,1
NoCommonName,Idia rotundalis,2,65
NoCommonName,Idia scobialis,NaN,7
NoCommonName,Ilexia intractata,4,64
NoCommonName,Inga cretacea,NaN,2
NoCommonName,Inga sparsiciliella,0,14
NoCommonName,Inguromorpha basalis,NaN,1
NoCommonName,Iodopepla u-album,NaN,12
NoCommonName,Ipimorpha pleonectusa,NaN,2
NoCommonName,Iridopsis defectaria,1,102
NoCommonName,Iridopsis humaria,0,6
NoCommonName,Iridopsis larvaria,0,41
NoCommonName,Iridopsis pergracilis,NaN,2
NoCommonName,Iridopsis vellivolata,0,26
NoCommonName,Isa textula,NaN,27
NoCommonName,Isochaetes beutenmuelleri,NaN,17
NoCommonName,Isogona tenuis,NaN,13
NoCommonName,Isoparce cupressi,0,1
Common Buckeye,Junonia Coenia,14,6959
NoCommonName,Kearfottia albifasciella,0,5
NoCommonName,Keiferia inconspicuella,NaN,2
NoCommonName,Lacanobia subjuncta,NaN,1
NoCommonName,Lacinipolia anguina,NaN,5
NoCommonName,Lacinipolia explicata,11,16
NoCommonName,Lacinipolia implicata,4,19
NoCommonName,Lacinipolia laudabilis,0,21
NoCommonName,Lacinipolia meditata,4,6
NoCommonName,Lacinipolia renigera,1,40
NoCommonName,Lacinipolia teligera,NaN,1
NoCommonName,Lacosoma chiridota,NaN,35
NoCommonName,Laetilia coccidivora,NaN,1
NoCommonName,Laetilia fiskella,0,2
NoCommonName,Laetilia unidentified species,NaN,2
NoCommonName,Lagoa crispata,3,70
NoCommonName,Lambdina canitiaria,NaN,1
NoCommonName,Lambdina fervidaria,0,33
NoCommonName,Lambdina fiscellaria,0,1
NoCommonName,Lambdina pellucidaria,NaN,32
NoCommonName,Lapara bombycoides,0,5
NoCommonName,Lapara coniferarum,1,57
NoCommonName,Larisa subsolana,NaN,3
NoCommonName,Lascoria ambigualis,0,41
NoCommonName,Ledaea perditalis,NaN,19
NoCommonName,Leptostales ferruminaria,NaN,5
NoCommonName,Leptostales pannaria,NaN,4
NoCommonName,Leptosteges vestaliella,NaN,1
Cassius Blue,Leptotes Cassius,NaN,3
Clouded Skipper,Lerema Accius,6,3624
Eufala Skipper,Lerodea Eufala,0,477
NoCommonName,Lesmone detrahens,0,45
NoCommonName,Leucania adjuta,NaN,50
NoCommonName,Leucania extincta,0,1
NoCommonName,Leucania inermis,NaN,5
NoCommonName,Leucania linda,0,34
NoCommonName,Leucania phragmitidicola,0,1
NoCommonName,Leucania pseudargyria,0,4
NoCommonName,Leucania scirpicola,0,5
NoCommonName,Leucania subpunctata,NaN,3
NoCommonName,Leucania unidentified species,NaN,8
NoCommonName,Leucania ursula,NaN,6
NoCommonName,Leucanopsis longa,NaN,14
NoCommonName,Leuconycta diphteroides,2,20
Viceroy,Limenitis Archippus,8,1757
Red-spotted Purple,Limenitis Arthemis,4,4502
NoCommonName,Lintneria eremitus,0,2
NoCommonName,Lipocosma septa,NaN,1
NoCommonName,Lipocosma sicalis,0,4
NoCommonName,Lipocosma unidentified species,NaN,1
NoCommonName,Lithacodes fasciola,0,47
NoCommonName,Lithacodia musta,1,19
NoCommonName,Lithophane adipel,NaN,1
NoCommonName,Lithophane antennata,NaN,7
NoCommonName,Lithophane bethunei,NaN,5
NoCommonName,Lithophane disposita,8,2
NoCommonName,Lithophane grotei,NaN,5
NoCommonName,Lithophane innominata,NaN,2
NoCommonName,Lithophane laceyi,NaN,3
NoCommonName,Lithophane laticinerea,NaN,1
NoCommonName,Lithophane lemmeri,NaN,1
NoCommonName,Lithophane patefacta,NaN,30
NoCommonName,Lithophane petulca,NaN,2
NoCommonName,Lithophane querquera,NaN,1
NoCommonName,Lithophane signosa,NaN,1
NoCommonName,Lithophane unidentified species,NaN,1
NoCommonName,Lithophane unimoda,NaN,2
NoCommonName,Lithophane viridipallens,NaN,9
NoCommonName,Lobocleta ossularia,NaN,7
NoCommonName,Lobocleta peralbata,NaN,8
NoCommonName,Lobocleta plemyraria,NaN,1
NoCommonName,Lochmaeus bilineata,NaN,77
NoCommonName,Lochmaeus manteo,4,61
NoCommonName,Lochmaeus unidentified species,NaN,6
NoCommonName,Lomographa semiclarata,0,3
NoCommonName,Lomographa vestaliata,1,33
NoCommonName,Lophocampa maculata,0,1
NoCommonName,Lophosis labeculata,NaN,14
NoCommonName,Loxostege commixtalis,0,1
NoCommonName,Loxostegopsis merrickalis,3,15
NoCommonName,Lycia ypsilon,NaN,1
NoCommonName,Lycomorpha pholus,0,6
NoCommonName,Lytrosis heitzmanorum,NaN,2
NoCommonName,Lytrosis permagnaria,0,7
NoCommonName,Lytrosis sinuosa,NaN,4
NoCommonName,Lytrosis unitaria,0,13
NoCommonName,Macalla zelleri,2,2
NoCommonName,Macaria aemulataria,3,67
NoCommonName,Macaria aequiferaria,0,12
NoCommonName,Macaria bicolorata,10,68
NoCommonName,Macaria bisignata,0,7
NoCommonName,Macaria carpo,NaN,1
NoCommonName,Macaria distribuaria,0,2
NoCommonName,Macaria fissinotata,0,6
NoCommonName,Macaria granitata,2,32
NoCommonName,Macaria minorata,0,2
NoCommonName,Macaria oweni,NaN,1
NoCommonName,Macaria promiscuata,0,25
NoCommonName,Macaria transitaria,1,63
NoCommonName,Macaria unidentified species,NaN,3
NoCommonName,Machimia tentoriferella,19,13
NoCommonName,Macrochilo absorptalis,NaN,1
NoCommonName,Macrochilo hypocritalis,NaN,20
NoCommonName,Macrochilo litophora,0,13
NoCommonName,Macrochilo louisiana,NaN,1
NoCommonName,Macrochilo orciferalis,0,3
NoCommonName,Macronoctua onusta,NaN,1
NoCommonName,Macrorrhinia endonephele,0,2
NoCommonName,Macrurocampa marthesia,3,73
NoCommonName,Magusa divaricata,NaN,2
NoCommonName,Magusa orbifera,NaN,1
NoCommonName,Malacosoma disstria,0,27
NoCommonName,Maliattha synochitis,NaN,6
NoCommonName,Manduca jasminearum,1,6
NoCommonName,Manduca quinquemaculatus,0,7
NoCommonName,Manduca rustica,NaN,7
NoCommonName,Manduca sexta,0,22
NoCommonName,Marathyssa basalis,NaN,5
NoCommonName,Marathyssa inficita,1,13
NoCommonName,Marimatha nigrofimbria,2,100
NoCommonName,Marmara cf. apocynella,NaN,1
NoCommonName,Marmara fasciella,NaN,1
NoCommonName,Marmara fraxinicola,NaN,3
NoCommonName,Marmara smilacisella,NaN,1
NoCommonName,Marmara viburnella,NaN,4
NoCommonName,Martyringa latipennis,0,12
NoCommonName,Mea bipunctella,NaN,4
NoCommonName,Mea skinnerella,NaN,1
NoCommonName,Megalographa biloba,0,18
NoCommonName,Megalopyge opercularis,3,38
NoCommonName,Meganola minuscula,0,11
NoCommonName,Meganola phylla,1,48
NoCommonName,Meganola spodia,0,4
Cofaqui Giant-Skipper,Megathymus Cofaqui,NaN,4
Yucca Giant-Skipper,Megathymus Yuccae,0,162
Little Wood-Satyr,Megisto Cymela,9,1208
NoCommonName,Melanapamea mixta,NaN,1
NoCommonName,Melanchra adjuncta,0,1
NoCommonName,Melanocinclis lineigera,NaN,2
NoCommonName,Melanolophia canadaria,2,123
NoCommonName,Melanolophia signataria,0,46
NoCommonName,Melanolophia unidentified species,NaN,5
NoCommonName,Melanomma auricinctaria,NaN,3
NoCommonName,Melipotis jucunda,2,2
NoCommonName,Melittia cucurbitae,NaN,3
NoCommonName,Mellilla xanthometata,NaN,19
NoCommonName,Menesta melanella,NaN,1
NoCommonName,Meropleon cosmion,NaN,4
NoCommonName,Meropleon diversicolor,NaN,3
NoCommonName,Meropleon titan,NaN,4
NoCommonName,Meroptera pravella,NaN,1
NoCommonName,Mesapamea fractilinea,NaN,4
NoCommonName,Mesophleps adustipennis,NaN,6
NoCommonName,Metalectra discalis,4,35
NoCommonName,Metalectra quadrisignata,0,15
NoCommonName,Metalectra richardsi,0,36
NoCommonName,Metalectra tantillus,NaN,2
NoCommonName,Metallata absumens,NaN,3
NoCommonName,Metarranthis amyrisaria,NaN,2
NoCommonName,Metarranthis angularia,0,15
NoCommonName,Metarranthis duaria,NaN,6
NoCommonName,Metarranthis homuraria,NaN,21
NoCommonName,Metarranthis hypochraria,3,8
NoCommonName,Metarranthis indeclinata,NaN,1
NoCommonName,Metaxaglaea inulta,NaN,19
NoCommonName,Metaxaglaea semitaria,NaN,3
NoCommonName,Metaxaglaea unidentified species,NaN,6
NoCommonName,Metaxaglaea viatica,1,22
NoCommonName,Metaxaglaea violacea,2,16
NoCommonName,Metendothenia separatana,0,3
NoCommonName,Microcrambus biguttellus,0,8
NoCommonName,Microcrambus elegans,0,27
NoCommonName,Misogada unicolor,0,17
NoCommonName,Mocis latipes,NaN,9
NoCommonName,Mocis texana,0,21
NoCommonName,Mompha annulata,NaN,2
NoCommonName,Mompha cephalonthiella,NaN,2
NoCommonName,Mompha circumscriptella,NaN,1
NoCommonName,Mompha eloisella,NaN,1
NoCommonName,Monochroa pullusella,NaN,1
NoCommonName,Monoleuca semifascia,0,6
NoCommonName,Monopis crocicapitella,NaN,10
NoCommonName,Monopis dorsistrigella,NaN,2
NoCommonName,Monopis pavlovski,NaN,17
NoCommonName,Monopis unidentified species,NaN,1
NoCommonName,Monoptilota pergratialis,NaN,2
NoCommonName,Moodna ostrinella,NaN,16
NoCommonName,Moodna pallidostrinella,NaN,3
NoCommonName,Morrisonia confusa,0,43
NoCommonName,Morrisonia evicta,0,8
NoCommonName,Morrisonia latex,0,5
NoCommonName,Morrisonia mucens,NaN,3
NoCommonName,Morrisonia triangula,0,1
NoCommonName,Mouralia tinctoides,NaN,1
NoCommonName,Mythimna unipuncta,5,75
NoCommonName,Nadata gibbosa,1,134
NoCommonName,Natada nasoni,0,28
Dainty Sulphur,Nathalis Iole,0,49
NoCommonName,Nedra ramosula,0,23
NoCommonName,Nemapogon acapnopennella,NaN,1
NoCommonName,Nemapogon angulifasciella,NaN,2
NoCommonName,Nematocampa resistaria,NaN,8
NoCommonName,Nemoria bifilata,NaN,2
NoCommonName,Nemoria bistriaria,0,83
NoCommonName,Nemoria elfa,NaN,1
NoCommonName,Nemoria lixaria,0,63
NoCommonName,Nemoria mimosaria,NaN,2
NoCommonName,Nemoria saturiba,2,26
NoCommonName,Nemoria unidentified species,NaN,1
NoCommonName,Neodactria caliginosellus,0,2
NoCommonName,Neodactria luteolellus,0,3
NoCommonName,Neodactria zeellus,NaN,1
Georgia Satyr,Neonympha Areolatus,NaN,155
Helicta Satyr,Neonympha Helicta,NaN,60
Mitchells Satyr,Neonympha Mitchellii,0,27
NoCommonName,Neotelphusa sequax,NaN,1
NoCommonName,Nephelodes minians,NaN,31
NoCommonName,Nepytia semiclusaria,0,9
NoCommonName,Nerice bidentata,NaN,14
NoCommonName,Neurobathra strigifinitella,0,6
NoCommonName,Nigetia formosalis,0,21
NoCommonName,Niphonyx segregata,NaN,3
NoCommonName,Noctua pronuba,0,19
NoCommonName,Nola cereella,NaN,15
NoCommonName,Nola clethrae,NaN,5
NoCommonName,Nola pustulata,NaN,3
NoCommonName,Nola triquetrana,NaN,9
NoCommonName,Nomophila nearctica,1,22
NoCommonName,Norape ovina,NaN,10
NoCommonName,Notocelia rosaecolana,NaN,8
NoCommonName,Nycteola metaspilella,NaN,18
Compton Tortoiseshell,Nymphalis Vaualbum,NaN,3
NoCommonName,Ochropleura implecta,NaN,7
NoCommonName,Oegoconia novimundi,NaN,4
NoCommonName,Oenoe unidentified species,NaN,1
NoCommonName,Ogdoconta cinereola,NaN,52
NoCommonName,Oiketicus abbotii,NaN,1
NoCommonName,Olceclostera angelica,2,15
NoCommonName,Olethreutes astrologana,1,1
NoCommonName,Olethreutes connectum,NaN,1
NoCommonName,Olethreutes corylana,NaN,1
NoCommonName,Olethreutes fasciatana,0,13
NoCommonName,Olethreutes griseoalbana,0,3
NoCommonName,Olethreutes inornatana,NaN,2
NoCommonName,Olethreutes nigranum,NaN,1
NoCommonName,Olethreutes permundana,0,5
NoCommonName,Olethreutes unidentified species,NaN,1
NoCommonName,Oligia chlorostigma,NaN,3
NoCommonName,Oligia modica,0,16
NoCommonName,Oligocentria lignicolor,0,43
NoCommonName,Oligocentria semirufescens,0,23
Twin-spot Skipper,Oligoria Maculata,0,162
NoCommonName,Omphalocera cariosa,NaN,1
NoCommonName,Oreta rosea,1,20
NoCommonName,Orgyia definita,0,22
NoCommonName,Orgyia detrita,NaN,1
NoCommonName,Orgyia leucostigma,1,72
NoCommonName,Orgyia unidentified species,NaN,2
NoCommonName,Orthodes cynica,0,4
NoCommonName,Orthodes detracta,0,20
NoCommonName,Orthodes goodelli,0,4
NoCommonName,Orthodes majuscula,0,25
NoCommonName,Orthosia alurina,0,7
NoCommonName,Orthosia garmani,NaN,11
NoCommonName,Orthosia hibisci,4,8
NoCommonName,Orthosia revicta,NaN,1
NoCommonName,Orthosia rubescens,NaN,8
NoCommonName,Orthosia unidentified species,NaN,3
NoCommonName,Orthotaenia undulana,NaN,4
NoCommonName,Oruza albocostaliata,0,14
NoCommonName,Osminia ruficornis,NaN,1
NoCommonName,Ostrinia nubilalis,0,27
NoCommonName,Ostrinia obumbratalis,NaN,3
NoCommonName,Ostrinia penitalis,NaN,3
NoCommonName,Ozarba aeria,NaN,4
NoCommonName,Pachysphinx modesta,NaN,1
NoCommonName,Packardia ceanothi,NaN,1
NoCommonName,Packardia geminata,1,5
NoCommonName,Paectes abrostoloides,3,52
NoCommonName,Paectes nubifera,NaN,1
NoCommonName,Paectes oculatrix,1,21
NoCommonName,Paectes pygmaea,0,5
NoCommonName,Pagara simplex,0,6
NoCommonName,Paleacrita merriccata,NaN,5
NoCommonName,Paleacrita vernata,NaN,21
NoCommonName,Palpita freemanalis,NaN,1
NoCommonName,Palpita illibalis,NaN,3
NoCommonName,Palpita magniferalis,0,39
NoCommonName,Palpita quadristigmalis,NaN,2
NoCommonName,Palpita unidentified species,NaN,15
NoCommonName,Palthis angulalis,NaN,58
NoCommonName,Palthis asopialis,2,81
NoCommonName,Palthis unidentified species,NaN,2
NoCommonName,Pammene felicitana,NaN,1
NoCommonName,Pandemis lamprosana,0,5
NoCommonName,Pandemis limitata,6,14
NoCommonName,Pangrapta decoralis,0,70
NoCommonName,Panopoda carneicosta,1,53
NoCommonName,Panopoda rufimargo,3,67
Salt Marsh Skipper,Panoquina Panoquin,0,221
NoCommonName,Panthea acronyctoides,0,9
NoCommonName,Panthea furcilla,1,17
NoCommonName,Pantographa limata,2,2
NoCommonName,Paonias astylus,5,17
NoCommonName,Paonias excaecata,3,29
NoCommonName,Papaipema arctivorens,NaN,1
NoCommonName,Papaipema baptisiae,NaN,6
NoCommonName,Papaipema cataphracta,NaN,4
NoCommonName,Papaipema cerussata,0,5
NoCommonName,Papaipema impecuniosa,NaN,2
NoCommonName,Papaipema inquaesita,NaN,1
NoCommonName,Papaipema nebris,1,3
NoCommonName,Papaipema polymniae,NaN,1
NoCommonName,Papaipema speciosissima,NaN,3
Appalachian Tiger Swallowtail,Papilio Appalachiensis,0,150
Eastern Tiger Swallowtail,Papilio Glaucus,24,9110
Palamedes Swallowtail,Papilio Palamedes,1,1817
Black Swallowtail,Papilio Polyxenes Asterius,0,2442
Spicebush Swallowtail,Papilio Troilus Linnaeus,NaN,4350
NoCommonName,Paraclemensia acerifoliella,NaN,2
NoCommonName,Paraeschra georgica,0,49
NoCommonName,Parahypenodes quadralis,NaN,2
NoCommonName,Paraleucoptera albella,NaN,2
NoCommonName,Parallelia bistriaris,7,71
NoCommonName,Paralobesia liriodendrana,NaN,4
NoCommonName,Paralobesia unidentified species,NaN,2
NoCommonName,Paralobesia viteana,NaN,1
NoCommonName,Paranthrene asilipennis,NaN,2
NoCommonName,Parapamea buffaloensis,NaN,6
NoCommonName,Parapediasia decorellus,NaN,4
NoCommonName,Parapediasia teterrella,NaN,23
NoCommonName,Parapoynx maculalis,0,1
NoCommonName,Parapoynx obscuralis,NaN,1
NoCommonName,Parapoynx seminealis,0,1
NoCommonName,Parasa chloris,0,21
NoCommonName,Parasa indetermina,NaN,7
NoCommonName,Paratrea plebeja,1,19
NoCommonName,Parectopa plantaginisella,NaN,1
NoCommonName,Parectopa robiniella,NaN,2
NoCommonName,Parornix preciosella,NaN,1
White-M Hairstreak,Parrhasius M Album,NaN,389
NoCommonName,Patalene olyzonaria,2,100
NoCommonName,Pelochrista adamantana,NaN,1
NoCommonName,Pelochrista agricolana,NaN,1
NoCommonName,Pelochrista derelicta,2,3
NoCommonName,Pelochrista dorsisignatana,NaN,11
NoCommonName,Pelochrista fiskeana,NaN,1
NoCommonName,Pelochrista fratruelis,NaN,1
NoCommonName,Pelochrista graciliana,NaN,1
NoCommonName,Pelochrista pallidipalpana,NaN,1
NoCommonName,Pelochrista quinquemaculana,NaN,1
NoCommonName,Pelochrista robinsonana,0,6
NoCommonName,Pelochrista similiana,0,3
NoCommonName,Pelochrista unidentified species,NaN,5
NoCommonName,Pennisetia marginatum,NaN,2
NoCommonName,Penthesilea sacculalis,NaN,1
NoCommonName,Peoria approximella,NaN,5
NoCommonName,Peoria bipartitella,NaN,1
NoCommonName,Peoria longipalpella,NaN,2
NoCommonName,Peoria roseotinctella,NaN,2
NoCommonName,Peridea angulosa,1,54
NoCommonName,Peridea basitriens,NaN,22
NoCommonName,Peridea bordeloni,NaN,7
NoCommonName,Peridroma saucia,6,11
NoCommonName,Perigea xanthioides,NaN,3
NoCommonName,Perimede unidentified species,NaN,1
NoCommonName,Perispasta caeculalis,NaN,3
NoCommonName,Pero ancetaria,1,32
NoCommonName,Pero honestaria,0,4
NoCommonName,Petrophila bifascialis,NaN,3
NoCommonName,Phaecasiophora confixana,0,1
NoCommonName,Phaecasiophora niveiguttana,3,1
NoCommonName,Phaeoura quernaria,0,14
NoCommonName,Phalaenophana pyramusalis,NaN,27
NoCommonName,Phalaenostola eumelusalis,NaN,9
NoCommonName,Phalaenostola larentioides,1,38
NoCommonName,Phigalia denticulata,0,42
NoCommonName,Phigalia strigataria,0,32
NoCommonName,Phigalia titea,1,7
NoCommonName,Philonome clemensella,NaN,1
NoCommonName,Phlogophora periculosa,0,19
NoCommonName,Phoberia atomaris,0,37
NoCommonName,Phobetron pithecium,NaN,16
Large Orange Sulphur,Phoebis Agarithe,NaN,2
Orange-barred Sulphur,Phoebis Philea,NaN,2
Cloudless Sulphur,Phoebis Sennae,2,5494
Common Sootywing,Pholisora Catullus,2,799
NoCommonName,Phosphila miselioides,0,43
NoCommonName,Phosphila turbulenta,0,14
NoCommonName,Phthorimaea operculella,NaN,1
Northern Crescent,Phyciodes Cocyta,NaN,65
Phaon Crescent,Phyciodes Phaon,0,153
Pearl Crescent,Phyciodes Tharos,23,7592
NoCommonName,Phycitodes mucidella,NaN,1
NoCommonName,Phycitodes reliquella,NaN,9
NoCommonName,Phyllocnistis ampelopsiella,NaN,1
NoCommonName,Phyllocnistis insignis,NaN,3
NoCommonName,Phyllocnistis liquidambarisella,NaN,3
NoCommonName,Phyllocnistis liriodendronella,NaN,2
NoCommonName,Phyllocnistis unidentified species,NaN,1
NoCommonName,Phyllocnistis vitegenella,NaN,2
NoCommonName,Phyllocnistis vitifoliella,NaN,1
NoCommonName,Phyllodesma americana,0,8
NoCommonName,Phyllonorycter aeriferella,NaN,1
NoCommonName,Phyllonorycter albanotella,NaN,2
NoCommonName,Phyllonorycter argentifimbriella,NaN,2
NoCommonName,Phyllonorycter argentinotella,NaN,2
NoCommonName,Phyllonorycter basistrigella,NaN,2
NoCommonName,Phyllonorycter caryaealbella,1,1
NoCommonName,Phyllonorycter celtifoliella,NaN,1
NoCommonName,Phyllonorycter celtisella,NaN,2
NoCommonName,Phyllonorycter fitchella,NaN,1
NoCommonName,Phyllonorycter mariaeella,NaN,2
NoCommonName,Phyllonorycter obscuricostella,NaN,1
NoCommonName,Phyllonorycter occitanica,NaN,3
NoCommonName,Phyllonorycter ostryaefoliella,NaN,3
NoCommonName,Phyllonorycter trinotella,NaN,5
NoCommonName,Phyprosopus callitrichoides,NaN,12
NoCommonName,Phytometra rhodarialis,0,4
Cabbage White,Pieris Rapae,3,4906
West Virginia White,Pieris Virginiensis,0,263
NoCommonName,Pilocrocis ramentalis,NaN,2
NoCommonName,Plagiomimicus pityochromus,NaN,1
NoCommonName,Plagodis alcoolaria,NaN,38
NoCommonName,Plagodis phlogosaria,1,7
NoCommonName,Plagodis pulveraria,NaN,3
NoCommonName,Plagodis serinaria,0,1
NoCommonName,Platynota exasperatana,NaN,6
NoCommonName,Platynota flavedana,0,11
NoCommonName,Platynota idaeusalis,1,32
NoCommonName,Platynota rostrana,NaN,1
NoCommonName,Platynota semiustana,NaN,10
NoCommonName,Platynota unidentified species,NaN,1
NoCommonName,Platypolia mactata,NaN,1
NoCommonName,Platyptilia carduidactylus,NaN,3
NoCommonName,Pleuroprucha insulsaria,3,74
NoCommonName,Pleuroptya silicalis,NaN,4
NoCommonName,Plodia interpunctella,NaN,5
NoCommonName,Plusiodonta compressipalpis,0,13
NoCommonName,Plutella xylostella,NaN,24
Aarons Skipper,Poanes Aaroni,0,21
Hobomok Skipper,Poanes Hobomok,0,228
Broad-winged Skipper,Poanes Viator,1,224
Yehl Skipper,Poanes Yehl,0,339
Zabulon Skipper,Poanes Zabulon,7,2416
NoCommonName,Pococera asperatella,NaN,8
NoCommonName,Pococera expandens,1,20
NoCommonName,Pococera humerella,NaN,1
NoCommonName,Pococera melanogrammos,NaN,1
NoCommonName,Pococera militella,0,3
NoCommonName,Pococera robustella,0,7
NoCommonName,Pococera scortealis,NaN,6
NoCommonName,Pococera subcanalis,NaN,1
NoCommonName,Pococera unidentified species,NaN,22
NoCommonName,Podosesia syringae,NaN,3
NoCommonName,Polia nimbosa,0,1
Crossline Skipper,Polites Origenes,4,1536
Pecks Skipper,Polites Peckius,1,417
Tawny-edged Skipper,Polites Themistocles,2,594
Whirlabout,Polites Vibex,9,973
Eastern Comma,Polygonia Comma,0,2100
Green Comma,Polygonia Faunus,0,76
Question Mark,Polygonia Interrogationis,5,3168
Gray Comma,Polygonia Progne,0,14
NoCommonName,Polygrammate hebraeicum,2,94
NoCommonName,Polygrammodes flavidalis,0,1
NoCommonName,Polygrammodes oxydalis,0,1
NoCommonName,Polyhymno luteostrigella,0,2
NoCommonName,Ponometia candefacta,1,10
NoCommonName,Ponometia erastrioides,0,5
NoCommonName,Ponometia semiflava,0,6
Checkered White,Pontia Protodice,4,286
NoCommonName,Porphyrosela minuta,NaN,1
NoCommonName,Povolnya quercinigrella,NaN,4
NoCommonName,Prionoxystus macmurtrei,NaN,7
NoCommonName,Prionoxystus robiniae,NaN,39
Rare Skipper,Problema Bulenta,0,29
Byssus Skipper,Problema Byssus,NaN,184
NoCommonName,Probole amicaria,1,62
NoCommonName,Probole nepiasaria,NaN,1
NoCommonName,Prochoerodes lineola,0,72
NoCommonName,Prochoreutis inflatella,NaN,3
NoCommonName,Prodoxus decipiens,NaN,5
NoCommonName,Proleucoptera smilaciella,NaN,1
NoCommonName,Prolimacodes badia,0,40
NoCommonName,Promalactis suzukiella,NaN,28
NoCommonName,Protapamea danieli,NaN,6
NoCommonName,Proteoteras aesculana,0,32
NoCommonName,Proteoteras crescentana,0,3
NoCommonName,Proteoteras moffatiana,0,1
NoCommonName,Proteoteras naracana,NaN,9
NoCommonName,Proteoteras unidentified species,NaN,4
NoCommonName,Protitame virginalis,1,1
NoCommonName,Protoboarmia porcelaria,2,71
NoCommonName,Protodeltote muscosula,1,45
NoCommonName,Protolampra brunneicollis,0,44
NoCommonName,Protorthodes oviduca,NaN,2
NoCommonName,Proxenus miranda,NaN,4
NoCommonName,Psamatodes abydata,NaN,1
NoCommonName,Psaphida electilis,6,5
NoCommonName,Psaphida grandis,NaN,5
NoCommonName,Psaphida resumens,0,20
NoCommonName,Psaphida rolandi,4,13
NoCommonName,Psaphida styracis,0,6
NoCommonName,Psara obscuralis,NaN,4
NoCommonName,Pselnophorus belfragei,0,4
NoCommonName,Pseudanthracia coracias,NaN,1
NoCommonName,Pseudasopia intermedialis,0,3
NoCommonName,Pseudeustrotia carneola,4,18
NoCommonName,Pseudexentera costomaculana,NaN,1
NoCommonName,Pseudexentera spoliana,NaN,3
NoCommonName,Pseudexentera unidentified species,NaN,7
NoCommonName,Pseudexentera virginiana,NaN,3
NoCommonName,Pseudochelaria walsinghami,0,1
NoCommonName,Pseudogalleria inimicella,0,2
NoCommonName,Pseudohermonassa bicarnea,NaN,4
NoCommonName,Pseudotelphusa quercinigracella,NaN,1
NoCommonName,Pseudotelphusa unidentified species,NaN,1
NoCommonName,Psilocorsis cryptolechiella,1,12
NoCommonName,Psilocorsis quercicella,3,8
NoCommonName,Psilocorsis reflexella,7,15
NoCommonName,Pterophoridae unidentified species,NaN,8
NoCommonName,Ptichodis bistrigata,NaN,3
NoCommonName,Ptichodis herbarum,1,17
NoCommonName,Ptichodis vinculum,1,2
NoCommonName,Pubitelphusa latifasciella,0,3
NoCommonName,Pyralis farinalis,0,8
NoCommonName,Pyrausta acrionalis,0,15
NoCommonName,Pyrausta bicoloralis,0,6
NoCommonName,Pyrausta generosa,0,1
NoCommonName,Pyrausta homonymalis,NaN,1
NoCommonName,Pyrausta rubricalis,NaN,21
NoCommonName,Pyrausta subsequalis,NaN,2
NoCommonName,Pyrausta tyralis,NaN,1
NoCommonName,Pyreferra hesperidago,NaN,2
NoCommonName,Pyreferra pettiti,NaN,6
White Checkered-Skipper,Pyrgus Albescens,NaN,5
Grizzled Skipper,Pyrgus Centaureae,NaN,16
Common Checkered-Skipper,Pyrgus Communis,1,2225
Tropical Checkered-Skipper,Pyrgus Oileus,NaN,6
Little Yellow,Pyrisitia Lisa,0,1289
NoCommonName,Pyrrharctia isabella,9,35
NoCommonName,Pyrrhia cilisca,1,1
NoCommonName,Pyrrhia exprimens,0,3
NoCommonName,Rachiplusia ou,0,7
NoCommonName,Raphia frater,NaN,2
NoCommonName,Raphiptera argillaceellus,0,1
NoCommonName,Rectiostoma xanthobasis,NaN,7
NoCommonName,Redectis pygmaea,0,27
NoCommonName,Redectis vitrea,0,22
NoCommonName,Renia adspergillus,NaN,43
NoCommonName,Renia discoloralis,2,47
NoCommonName,Renia factiosalis,1,10
NoCommonName,Renia flavipunctalis,0,15
NoCommonName,Renia fraternalis,0,2
NoCommonName,Renia nemoralis,NaN,1
NoCommonName,Renia salusalis,NaN,2
NoCommonName,Renia sobrialis,1,12
NoCommonName,Renia unidentified species,NaN,4
NoCommonName,Resapamea trigona,NaN,1
NoCommonName,Retinia comstockiana,NaN,1
NoCommonName,Retinia gemistrigulana,0,11
NoCommonName,Retinia virginiana,7,4
NoCommonName,Rhectocraspeda periusalis,NaN,2
NoCommonName,Rhopobota dietziana,0,3
NoCommonName,Rhopobota finitimana,1,1
NoCommonName,Rhyacionia buoliana,NaN,1
NoCommonName,Rhyacionia frustrana,2,1
NoCommonName,Rhyacionia rigidana,NaN,1
NoCommonName,Rhyacionia unidentified species,NaN,6
NoCommonName,Rindgea nigricomma,NaN,1
NoCommonName,Rivula propinqualis,0,34
NoCommonName,Rudenia leguminana,NaN,1
NoCommonName,Rusicada privata,NaN,10
NoCommonName,Salebriaria engeli,NaN,10
NoCommonName,Salebriaria fasciata,5,1
NoCommonName,Salebriaria rufimaculatella,1,3
NoCommonName,Samea baccatalis,NaN,3
NoCommonName,Samea ecclesialis,NaN,3
NoCommonName,Samia cynthia,NaN,1
Banded Hairstreak,Satyrium Calanus,0,433
Edwards Hairstreak,Satyrium Edwardsii,2,87
Oak Hairstreak,Satyrium Favonius,0,87
Coral Hairstreak,Satyrium Titus,1,289
Appalachian Brown,Satyrodes Appalachia,0,712
Hickory Hairstreak,Satyurium Caryaevorum,NaN,16
NoCommonName,Saucrobotys futilalis,NaN,3
NoCommonName,Scardia amurensis,0,2
NoCommonName,Scardia anatomella,NaN,2
NoCommonName,Schinia arcigera,1,21
NoCommonName,Schinia gracilenta,NaN,2
NoCommonName,Schinia lynx,NaN,2
NoCommonName,Schinia nubila,NaN,1
NoCommonName,Schinia nundina,1,2
NoCommonName,Schinia rivulosa,1,11
NoCommonName,Schinia siren,NaN,1
NoCommonName,Schinia trifascia,0,9
NoCommonName,Schinia tuberculum,0,1
NoCommonName,Schizura concinna,0,10
NoCommonName,Schizura ipomoeae,NaN,43
NoCommonName,Schizura leptinoides,1,33
NoCommonName,Schizura unicornis,0,39
NoCommonName,Schrankia macula,NaN,59
NoCommonName,Sciota celtidella,NaN,2
NoCommonName,Sciota subcaesiella,0,1
NoCommonName,Sciota unidentified species,NaN,3
NoCommonName,Sciota uvinella,1,22
NoCommonName,Sciota virgatella,0,2
NoCommonName,Scolecocampa liburna,0,34
NoCommonName,Scoliopteryx libatrix,1,2
NoCommonName,Scoparia basalis,0,2
NoCommonName,Scoparia biplagialis,20,8
NoCommonName,Scoparia unidentified species,NaN,10
NoCommonName,Scopula cacuminaria,NaN,1
NoCommonName,Scopula inductata,1,8
NoCommonName,Scopula limboundata,0,93
NoCommonName,Scopula ordinata,0,1
NoCommonName,Scopula quinquelinearia,NaN,1
NoCommonName,Scythris fuscicomella,NaN,1
NoCommonName,Scythropiodes issikii,NaN,13
NoCommonName,Selenia kentaria,NaN,21
NoCommonName,Selenisa sueroides,NaN,1
NoCommonName,Sereda tautana,NaN,4
NoCommonName,Sericaglaea signata,NaN,25
NoCommonName,Sericoplaga externalis,NaN,1
NoCommonName,Siederia walshella,NaN,2
NoCommonName,Sigela brauneata,NaN,35
NoCommonName,Sitotroga cerealella,NaN,1
NoCommonName,Smerinthus jamaicensis,2,4
NoCommonName,Sonia constrictana,0,2
NoCommonName,Sonia unidentified species,NaN,1
NoCommonName,Spaelotis clandestina,0,1
NoCommonName,Spargaloma sexpunctata,0,17
NoCommonName,Sparganothis distincta,NaN,1
NoCommonName,Sparganothis sulfureana,0,16
NoCommonName,Sparganothis tristriata,NaN,1
NoCommonName,Sparganothis xanthoides,0,1
NoCommonName,Speranza pustularia,0,46
Aphrodite Fritillary,Speyeria Aphrodite,1,456
Diana Fritillary,Speyeria Diana,0,379
Regal Fritillary,Speyeria Idalia,1,6
NoCommonName,Sphecodina abbottii,0,13
NoCommonName,Sphingicampa bicolor,NaN,3
NoCommonName,Sphingicampa bisecta,NaN,4
NoCommonName,Sphinx drupiferarum,0,2
NoCommonName,Sphinx franckii,2,5
NoCommonName,Sphinx kalmiae,0,5
NoCommonName,Spiloloma lunilinea,NaN,10
NoCommonName,Spilonota ocellana,NaN,2
NoCommonName,Spilosoma congrua,1,94
NoCommonName,Spilosoma dubia,0,3
NoCommonName,Spilosoma latipennis,0,1
NoCommonName,Spilosoma unidentified species,NaN,10
NoCommonName,Spilosoma virginica,1,44
NoCommonName,Spinitibia hodgesi,NaN,5
NoCommonName,Spodoptera dolichos,0,8
NoCommonName,Spodoptera eridania,NaN,4
NoCommonName,Spodoptera exigua,NaN,7
NoCommonName,Spodoptera frugiperda,1,42
NoCommonName,Spodoptera latifascia,NaN,1
NoCommonName,Spodoptera ornithogalli,5,52
NoCommonName,Spoladea recurvalis,NaN,13
NoCommonName,Spragueia apicalis,NaN,5
NoCommonName,Spragueia dama,3,10
NoCommonName,Spragueia leo,4,21
NoCommonName,Spragueia onagrus,NaN,1
NoCommonName,Stagmatophora wyattella,NaN,2
Hayhursts Scallopwing,Staphylus Hayhurstii,0,343
NoCommonName,Stegasta bosqueella,NaN,5
NoCommonName,Stenoporpia polygrammaria,NaN,1
NoCommonName,Stenoptilodes taprobanes,NaN,4
NoCommonName,Stigmella macrocarpaenigriverticella complex ,NaN,1
NoCommonName,Stigmella myricafoliella,NaN,1
NoCommonName,Strepsicrates smithiana,0,3
NoCommonName,Streptopalpia minusculalis,NaN,1
Gray Hairstreak,Strymon Melinus,4,3196
NoCommonName,Stylopalpia scobiella,NaN,1
NoCommonName,Subtribe Xylenina Unidentified Species,NaN,1
NoCommonName,Suleima helianthana,NaN,2
NoCommonName,Sunira bicolorago,0,59
NoCommonName,Sutyna privata,NaN,3
NoCommonName,Swammerdamia caesiella,NaN,2
NoCommonName,Symmerista canicosta,0,9
NoCommonName,Symmerista unidentified species,NaN,1
NoCommonName,Symmetrischema striatella,NaN,3
NoCommonName,Symmetrischema unidentified species,NaN,2
NoCommonName,Sympistis badistriga,NaN,6
NoCommonName,Sympistis dinalda,NaN,3
NoCommonName,Synanthedon acerni,0,14
NoCommonName,Synanthedon arkansasensis,NaN,2
NoCommonName,Synanthedon exitiosa,NaN,1
NoCommonName,Synanthedon kathyae,NaN,1
NoCommonName,Synanthedon pictipes,NaN,1
NoCommonName,Synanthedon rileyana,1,1
NoCommonName,Synanthedon scitula,NaN,2
NoCommonName,Synanthedon unidentified species,NaN,1
NoCommonName,Synchlora aerata,0,22
NoCommonName,Synchlora frondaria,4,20
NoCommonName,Synchlora unidentified species,NaN,1
NoCommonName,Syndemis afflictana,0,1
NoCommonName,Tallula unidentified species,NaN,8
NoCommonName,Tampa dimediatella,NaN,1
NoCommonName,Tarache aprica,1,13
NoCommonName,Taygete attributella,0,14
NoCommonName,Taygete gallaegenitella,NaN,2
NoCommonName,Tebenna gnaphaliella,NaN,8
NoCommonName,Tecmessa scitiscripta,NaN,5
NoCommonName,Tegeticula yuccasella,NaN,1
NoCommonName,Telphusa longifasciella,NaN,1
NoCommonName,Tetanolita floridana,NaN,53
NoCommonName,Tetanolita mynesalis,5,79
NoCommonName,Tetracis cachexiata,NaN,21
NoCommonName,Tetracis crocallata,0,9
NoCommonName,Thaumatographa jonesi,NaN,3
NoCommonName,Theisoa constrictella,NaN,3
Confused Cloudywing,Thorybes Confusis,1,180
Northern Cloudywing,Throybes Pylades,NaN,907
European Skipper,Thymelicus Lineola,NaN,15
NoCommonName,Thyraylia bunteana,NaN,2
NoCommonName,Thyridopteryx ephemeraeformis,0,3
NoCommonName,Thyris maculata,0,3
NoCommonName,Thyris sepulchralis,1,3
NoCommonName,Timandra amaturaria,NaN,1
NoCommonName,Tinea apicimaculella,0,5
NoCommonName,Tinea pellionella,0,1
NoCommonName,Tineola bisselliella,NaN,1
NoCommonName,Tischeria quercitella,NaN,2
NoCommonName,Tlascala reductella,NaN,3
NoCommonName,Tolype notialis,0,8
NoCommonName,Tolype velleda,0,15
NoCommonName,Tornos abjectarius,NaN,6
NoCommonName,Tornos scolopacinaria,NaN,4
NoCommonName,Tortricidia flexuosa,0,13
NoCommonName,Tortricidia pallida,NaN,1
NoCommonName,Tortricidia testacea,0,19
NoCommonName,Tosale oviplagalis,1,21
NoCommonName,Tricholita signata,0,8
NoCommonName,Trichophaga tapetzella,NaN,1
NoCommonName,Trichoplusia ni,3,5
NoCommonName,Trichordestra legitima,1,6
NoCommonName,Triclonella pergandeella,NaN,2
NoCommonName,Trigrammia quadrinotaria,0,11
NoCommonName,Tripudia rectangula,NaN,11
NoCommonName,Tulsa finitella,0,1
NoCommonName,Ulolonche modesta,NaN,4
NoCommonName,Ulophora groteii,0,1
NoCommonName,Untomia albistrigella,NaN,1
Dorantes Longtail,Urbanus Dorantes,NaN,10
Long-tailed Skipper,Urbanus Proteus,3,938
NoCommonName,Uresiphita reversalis,0,6
NoCommonName,Urodus parvula,1,6
Red Admiral,Vanessa Atalanta,3,3507
American Lady,Vanessa Virginiensis,10,5763
NoCommonName,Varneria postremella,NaN,4
NoCommonName,Virbia aurantiaca,1,55
NoCommonName,Virbia ferruginosa,NaN,2
NoCommonName,Virbia opella,2,81
NoCommonName,Virbia rubicundaria,NaN,5
NoCommonName,Virbia unidentified species,NaN,3
NoCommonName,Vitacea polistiformis,NaN,1
NoCommonName,Vitacea unidentified species,NaN,1
NoCommonName,Vitula broweri,NaN,1
NoCommonName,Vitula edmandsii,0,6
Southern Broken-dash,Wallengrenia Otho,3,930
NoCommonName,Walshia unidentified species,NaN,1
NoCommonName,Xanthophysa psychialis,0,1
NoCommonName,Xanthorhoe lacustrata,0,9
NoCommonName,Xanthorhoe unidentified species,NaN,1
NoCommonName,Xanthotype attenuaria,NaN,2
NoCommonName,Xanthotype sospeta,NaN,2
NoCommonName,Xanthotype unidentified species,NaN,1
NoCommonName,Xanthotype urticaria,NaN,3
NoCommonName,Xestia c-nigrum,0,2
NoCommonName,Xestia dilucida,0,19
NoCommonName,Xestia dolosa,0,18
NoCommonName,Xestia dolosa complex,NaN,1
NoCommonName,Xestia elimata,NaN,28
NoCommonName,Xestia normanianus,NaN,2
NoCommonName,Xestia smithii,NaN,2
NoCommonName,Xubida panalope,NaN,6
NoCommonName,Xylesthia pruniramiella,0,13
NoCommonName,Xylophanes tersa,2,13
NoCommonName,Xylotype capax,0,2
NoCommonName,Xystopeplus rufago,NaN,5
NoCommonName,Yponomeuta multipunctella,NaN,10
NoCommonName,Zale aeruginosa,NaN,23
NoCommonName,Zale bethunei,NaN,9
NoCommonName,Zale buchholzi,0,5
NoCommonName,Zale calycanthata,NaN,3
NoCommonName,Zale confusa,0,10
NoCommonName,Zale curema,NaN,5
NoCommonName,Zale duplicata,0,2
NoCommonName,Zale galbanata,NaN,32
NoCommonName,Zale helata,NaN,10
NoCommonName,Zale horrida,NaN,23
NoCommonName,Zale intenta,0,4
NoCommonName,Zale intenta/lunifera,NaN,28
NoCommonName,Zale lunata,5,74
NoCommonName,Zale metata,0,9
NoCommonName,Zale metatoides,NaN,7
NoCommonName,Zale minerea,NaN,26
NoCommonName,Zale obliqua,1,22
NoCommonName,Zale phaeocapna,NaN,4
NoCommonName,Zale pine-feeding complex,NaN,2
NoCommonName,Zale squamularis,0,10
NoCommonName,Zale submediana,0,5
NoCommonName,Zale undularis,0,5
NoCommonName,Zale unidentified species,NaN,5
NoCommonName,Zale unilineata,0,8
NoCommonName,Zanclognatha cruralis,NaN,43
NoCommonName,Zanclognatha jacchusalis,NaN,7
NoCommonName,Zanclognatha laevigata,NaN,3
NoCommonName,Zanclognatha marcidilinea,NaN,25
NoCommonName,Zanclognatha martha,0,18
NoCommonName,Zanclognatha obscuripennis,1,28
NoCommonName,Zanclognatha pedipilalis,NaN,7
NoCommonName,Zanclognatha protumnusalis,NaN,5
NoCommonName,Zanclognatha theralis,NaN,19
NoCommonName,Zanclognatha unidentified species,NaN,2
NoCommonName,Zelleria retiniella,0,4
Southern Dogface,Zerene Cesonia,2,25
NoCommonName,Zomaria interruptolineana,0,3
